Horsepower,Model_Year,Mileage,Engine_Size,Doors,Owner_Count,Doors,Brand,Transmission,Fuel_Type,Price
356.0,2014.0,144011.0,4.1,2.0,1.0,2.0,Ford,Manual,petrol,61395.45
396.0,2014.0,101382.0,1.4,4.0,3.0,4.0,Honda,Manual,diesel,49188.9
243.0,2017.0,132385.0,3.6,2.0,2.0,2.0,Tesla,Automatic,electric,47151.75
155.0,2014.0,102531.0,3.0,2.0,1.0,2.0,Honda,Manual,diesel,48857.7
230.0,2017.0,33930.0,3.0,4.0,2.0,4.0,Honda,Manual,hybrid,51072.5
356.0,2017.0,186762.0,3.9,2.0,2.0,2.0,Tesla,Automatic,electric,53779.9
218.0,2014.0,135546.0,2.7,2.0,2.0,2.0,BMW,Automatic,hybrid,42736.7
312.0,2015.0,102531.0,1.4,2.0,4.0,2.0,Hyundai,Manual,petrol,40745.6
128.0,2017.0,30192.0,3.7,2.0,4.0,2.0,Ford,Manual,diesel,46337.4
226.0,2012.0,91649.0,4.7,3.0,4.0,3.0,Toyota,Manual,petrol,47253.55
132.0,2022.0,115379.0,2.2,3.0,4.0,3.0,Tesla,Automatic,electric,40017.05
226.0,2014.0,7881.0,1.2,2.0,4.0,2.0,Hyundai,Manual,petrol,37793.95
389.0,2015.0,174103.0,3.2,2.0,1.0,2.0,Hyundai,Automatic,diesel,55187.85
312.0,2013.0,199227.0,3.6,4.0,1.0,4.0,BMW,Manual,electric,51347.65
182.0,2008.0,102531.0,1.3,4.0,4.0,4.0,Honda,Automatic,electric,26390.75
387.0,2016.0,58517.0,3.8,4.0,3.0,4.0,Hyundai,Manual,diesel,60775.15
257.0,2017.0,52113.0,3.0,4.0,1.0,4.0,Hyundai,Automatic,petrol,52283.35
220.0,2014.0,102531.0,3.4,2.0,4.0,2.0,Ford,Automatic,hybrid,51614.25
226.0,2023.0,15435.0,2.7,2.0,4.0,2.0,Toyota,Manual,electric,55129.25
259.0,2018.0,35628.0,3.2,2.0,4.0,2.0,Hyundai,Manual,electric,55153.6
364.0,2022.0,139042.0,4.6,2.0,3.0,2.0,Toyota,Manual,petrol,65606.9
131.0,2014.0,127970.0,1.8,3.0,2.0,3.0,Hyundai,Automatic,electric,33562.5
240.0,2011.0,177704.0,2.6,4.0,2.0,4.0,Tesla,Manual,electric,40497.8
87.0,2013.0,92238.0,1.3,4.0,2.0,4.0,BMW,Manual,electric,28361.1
255.0,2022.0,162220.0,1.8,4.0,4.0,4.0,Toyota,Automatic,diesel,46430.0
226.0,2014.0,188187.0,3.0,3.0,2.0,3.0,Ford,Automatic,petrol,42268.65
78.0,2021.0,102531.0,4.9,2.0,4.0,2.0,Tesla,Manual,electric,55087.1
230.0,2014.0,47459.0,4.2,3.0,1.0,3.0,Honda,Manual,petrol,44632.05
372.0,2014.0,58546.0,3.0,2.0,2.0,2.0,Tesla,Automatic,electric,62939.7
246.0,2021.0,102531.0,2.1,2.0,2.0,2.0,Ford,Manual,diesel,54538.35
226.0,2021.0,179166.0,1.4,2.0,4.0,2.0,Toyota,Automatic,diesel,37346.7
230.0,2014.0,126399.0,3.6,2.0,3.0,2.0,Honda,Automatic,diesel,33061.05
72.0,2020.0,112983.0,3.6,3.0,4.0,3.0,Toyota,Automatic,hybrid,46233.85
340.0,2021.0,171129.0,1.6,2.0,3.0,2.0,Toyota,Automatic,hybrid,48512.55
263.0,2006.0,102531.0,3.0,2.0,1.0,2.0,Hyundai,Manual,hybrid,27950.55
187.0,2005.0,149490.0,2.6,4.0,3.0,4.0,Honda,Manual,electric,33138.5
231.0,2019.0,77894.0,2.4,2.0,1.0,2.0,BMW,Automatic,petrol,49533.3
254.0,2018.0,66160.0,1.9,3.0,3.0,3.0,Toyota,Manual,electric,46860.0
198.0,2017.0,194123.0,4.3,4.0,4.0,4.0,Toyota,Automatic,diesel,47298.85
369.0,2014.0,157839.0,5.0,3.0,4.0,3.0,BMW,Manual,hybrid,57252.05
347.0,2014.0,184743.0,3.0,3.0,3.0,3.0,Hyundai,Manual,electric,44098.85
264.0,2010.0,163330.0,2.3,3.0,3.0,3.0,Tesla,Automatic,electric,34920.5
226.0,2014.0,122729.0,1.9,3.0,4.0,3.0,Ford,Automatic,electric,26591.55
221.0,2014.0,102531.0,3.9,2.0,1.0,2.0,Ford,Manual,hybrid,41972.65
226.0,2019.0,90637.0,4.0,2.0,4.0,2.0,Toyota,Automatic,hybrid,67042.15
226.0,2014.0,140486.0,3.0,3.0,4.0,3.0,Ford,Manual,electric,35481.7
231.0,2014.0,102531.0,2.4,3.0,3.0,3.0,BMW,Automatic,diesel,37362.65
236.0,2014.0,154368.0,1.7,3.0,4.0,3.0,Ford,Manual,hybrid,33935.6
210.0,2006.0,102531.0,3.0,4.0,4.0,4.0,BMW,Manual,electric,27120.1
246.0,2014.0,102531.0,2.3,2.0,2.0,2.0,Honda,Manual,petrol,43348.85
376.0,2023.0,102531.0,1.2,2.0,4.0,2.0,BMW,Manual,hybrid,49694.95
330.0,2005.0,35615.0,2.6,2.0,3.0,2.0,Honda,Manual,electric,45371.25
357.0,2014.0,135156.0,5.0,4.0,4.0,4.0,Ford,Manual,electric,65391.2
120.0,2015.0,45721.0,3.6,4.0,2.0,4.0,Hyundai,Automatic,diesel,50030.95
138.0,2022.0,147181.0,1.6,2.0,3.0,2.0,Toyota,Automatic,electric,38765.95
300.0,2010.0,79489.0,3.0,2.0,3.0,2.0,BMW,Automatic,electric,48990.55
231.0,2014.0,160925.0,3.0,4.0,2.0,4.0,Tesla,Manual,electric,33193.75
131.0,2022.0,116198.0,3.0,2.0,2.0,2.0,Tesla,Automatic,electric,40952.1
230.0,2014.0,99515.0,3.3,2.0,4.0,2.0,Honda,Manual,petrol,46919.25
302.0,2006.0,55624.0,3.0,4.0,1.0,4.0,Toyota,Automatic,diesel,41038.8
333.0,2014.0,102531.0,3.5,3.0,4.0,3.0,Ford,Manual,diesel,50768.2
343.0,2014.0,134466.0,4.4,4.0,3.0,4.0,Hyundai,Manual,diesel,55852.7
231.0,2013.0,11212.0,4.5,2.0,3.0,2.0,BMW,Manual,diesel,54068.4
158.0,2014.0,102531.0,3.0,3.0,4.0,3.0,Honda,Manual,petrol,50256.35
257.0,2014.0,86144.0,4.1,4.0,3.0,4.0,Hyundai,Automatic,hybrid,42970.8
243.0,2014.0,160887.0,3.0,2.0,1.0,2.0,Tesla,Automatic,electric,41638.65
308.0,2019.0,102531.0,2.9,2.0,3.0,2.0,Honda,Manual,hybrid,58188.9
311.0,2014.0,102531.0,1.8,4.0,3.0,4.0,BMW,Automatic,hybrid,42608.4
107.0,2016.0,88029.0,4.6,2.0,4.0,2.0,BMW,Automatic,petrol,52879.55
241.0,2014.0,5559.0,4.3,2.0,3.0,2.0,Honda,Manual,hybrid,61540.05
240.0,2020.0,102531.0,3.0,4.0,4.0,4.0,Ford,Manual,diesel,57119.8
120.0,2010.0,102151.0,1.6,4.0,4.0,4.0,Honda,Automatic,petrol,31042.45
243.0,2022.0,97038.0,3.6,2.0,3.0,2.0,Tesla,Automatic,electric,46712.1
257.0,2014.0,102531.0,3.0,3.0,2.0,3.0,Hyundai,Automatic,diesel,36605.8
139.0,2008.0,172207.0,4.5,2.0,4.0,2.0,Honda,Manual,petrol,43734.65
286.0,2012.0,116769.0,3.1,2.0,4.0,2.0,Hyundai,Automatic,hybrid,46735.55
341.0,2017.0,102531.0,4.7,2.0,4.0,2.0,Hyundai,Manual,petrol,67813.65
164.0,2015.0,102531.0,1.9,3.0,4.0,3.0,Ford,Manual,electric,38950.0
164.0,2014.0,102531.0,2.5,4.0,1.0,4.0,Ford,Manual,diesel,35728.9
346.0,2014.0,92483.0,3.4,3.0,2.0,3.0,Tesla,Automatic,electric,53069.85
310.0,2008.0,102531.0,3.4,3.0,1.0,3.0,Honda,Manual,diesel,46563.3
332.0,2011.0,108100.0,4.4,2.0,4.0,2.0,Ford,Manual,petrol,52288.0
197.0,2011.0,78596.0,3.0,3.0,2.0,3.0,Ford,Automatic,electric,44836.2
96.0,2014.0,102531.0,3.5,2.0,4.0,2.0,BMW,Manual,diesel,39844.6
222.0,2008.0,125457.0,4.2,3.0,4.0,3.0,Toyota,Manual,petrol,44013.15
226.0,2014.0,102531.0,1.6,4.0,2.0,4.0,Ford,Manual,electric,31527.35
387.0,2013.0,164829.0,3.0,2.0,4.0,2.0,Honda,Automatic,diesel,48725.55
116.0,2014.0,75283.0,2.5,4.0,3.0,4.0,Ford,Automatic,hybrid,43343.85
182.0,2014.0,69377.0,3.2,3.0,3.0,3.0,Hyundai,Automatic,electric,41207.15
201.0,2010.0,144045.0,2.5,4.0,1.0,4.0,Ford,Manual,diesel,39206.75
238.0,2010.0,76688.0,2.6,3.0,4.0,3.0,BMW,Manual,electric,44992.6
157.0,2014.0,22669.0,2.7,3.0,4.0,3.0,BMW,Automatic,diesel,41872.55
277.0,2018.0,109180.0,5.0,4.0,4.0,4.0,Hyundai,Manual,petrol,61629.0
343.0,2011.0,61792.0,3.0,4.0,4.0,4.0,BMW,Manual,petrol,50867.4
257.0,2014.0,102531.0,3.6,2.0,3.0,2.0,Hyundai,Automatic,hybrid,63761.850000000006
99.0,2010.0,13007.0,3.0,4.0,4.0,4.0,Toyota,Manual,diesel,44833.65
322.0,2020.0,102531.0,1.2,4.0,2.0,4.0,BMW,Automatic,hybrid,49288.2
226.0,2007.0,77788.0,3.0,3.0,3.0,3.0,Ford,Manual,petrol,49445.6
231.0,2006.0,102531.0,3.9,3.0,2.0,3.0,BMW,Automatic,hybrid,35517.35
151.0,2008.0,188306.0,2.7,2.0,4.0,2.0,Tesla,Automatic,electric,32725.7
148.0,2014.0,159195.0,2.1,3.0,3.0,3.0,Tesla,Manual,electric,37386.25
362.0,2019.0,143982.0,1.6,4.0,2.0,4.0,Toyota,Automatic,electric,50275.9
202.0,2014.0,76934.0,3.8,3.0,4.0,3.0,Honda,Automatic,diesel,43860.3
198.0,2022.0,35985.0,3.0,3.0,1.0,3.0,BMW,Manual,petrol,64039.75
257.0,2014.0,102531.0,1.9,2.0,1.0,2.0,Hyundai,Automatic,diesel,50811.75
101.0,2018.0,102531.0,2.6,4.0,4.0,4.0,Ford,Automatic,electric,44897.65
231.0,2014.0,119605.0,3.7,3.0,2.0,3.0,BMW,Automatic,petrol,40090.75
257.0,2012.0,12548.0,1.1,4.0,4.0,4.0,Hyundai,Automatic,hybrid,38931.6
273.0,2023.0,102531.0,1.3,3.0,4.0,3.0,BMW,Manual,diesel,48707.0
73.0,2014.0,53888.0,3.0,2.0,1.0,2.0,BMW,Manual,electric,28244.6
88.0,2017.0,181637.0,1.8,2.0,4.0,2.0,Hyundai,Automatic,diesel,32053.15
202.0,2014.0,102531.0,2.9,3.0,2.0,3.0,BMW,Manual,petrol,44804.15
356.0,2021.0,82924.0,2.8,2.0,4.0,2.0,Hyundai,Automatic,diesel,54500.8
210.0,2005.0,9507.0,4.0,4.0,4.0,4.0,BMW,Automatic,hybrid,47091.65
231.0,2014.0,172403.0,3.0,2.0,3.0,2.0,BMW,Manual,electric,55855.85
230.0,2022.0,149980.0,3.0,4.0,4.0,4.0,Honda,Automatic,petrol,44251.0
91.0,2014.0,144032.0,3.6,2.0,4.0,2.0,Hyundai,Automatic,hybrid,37906.4
266.0,2014.0,63706.0,4.5,2.0,4.0,2.0,Hyundai,Manual,diesel,56434.7
258.0,2014.0,135833.0,3.0,3.0,4.0,3.0,Toyota,Manual,petrol,52299.35
398.0,2011.0,140797.0,2.1,4.0,2.0,4.0,Toyota,Automatic,diesel,46974.15
231.0,2021.0,15599.0,2.8,3.0,4.0,3.0,BMW,Automatic,diesel,60613.05
172.0,2014.0,198209.0,3.0,3.0,1.0,3.0,BMW,Automatic,petrol,35597.55
340.0,2014.0,172932.0,2.1,2.0,4.0,2.0,BMW,Manual,electric,42867.4
226.0,2012.0,19123.0,3.0,2.0,2.0,2.0,Toyota,Manual,diesel,40797.85
337.0,2014.0,102531.0,3.0,2.0,3.0,2.0,Toyota,Automatic,hybrid,57703.9
258.0,2019.0,102531.0,2.2,2.0,4.0,2.0,Hyundai,Manual,petrol,49782.25
164.0,2010.0,123066.0,3.0,2.0,4.0,2.0,Toyota,Automatic,electric,39074.7
257.0,2020.0,17834.0,3.8,2.0,2.0,2.0,Hyundai,Manual,diesel,58010.3
128.0,2019.0,182804.0,4.3,4.0,2.0,4.0,Toyota,Manual,diesel,46596.8
82.0,2018.0,44023.0,3.0,2.0,3.0,2.0,Toyota,Manual,diesel,44900.85
395.0,2008.0,98823.0,1.7,2.0,4.0,2.0,Honda,Automatic,diesel,42929.85
90.0,2009.0,144596.0,1.5,3.0,1.0,3.0,Toyota,Automatic,petrol,27639.2
241.0,2018.0,186553.0,4.2,2.0,2.0,2.0,Toyota,Automatic,diesel,52309.35
130.0,2021.0,102531.0,4.2,4.0,4.0,4.0,Tesla,Manual,electric,51904.95
381.0,2015.0,117051.0,2.8,4.0,4.0,4.0,Tesla,Manual,electric,54138.45
265.0,2008.0,29399.0,2.6,2.0,4.0,2.0,Toyota,Manual,diesel,40926.05
330.0,2015.0,87476.0,2.8,2.0,3.0,2.0,Toyota,Automatic,hybrid,50283.2
226.0,2014.0,142852.0,1.8,2.0,3.0,2.0,Ford,Automatic,electric,32235.4
84.0,2014.0,193213.0,3.6,3.0,1.0,3.0,Toyota,Manual,hybrid,39398.35
349.0,2014.0,192840.0,4.0,2.0,1.0,2.0,Honda,Automatic,electric,55364.0
90.0,2021.0,107658.0,3.1,3.0,4.0,3.0,Ford,Manual,petrol,46065.1
241.0,2010.0,28241.0,1.1,4.0,3.0,4.0,BMW,Manual,petrol,38830.95
257.0,2014.0,93027.0,2.2,4.0,4.0,4.0,Hyundai,Manual,electric,38877.65
172.0,2013.0,102531.0,3.7,2.0,3.0,2.0,Hyundai,Automatic,hybrid,43069.9
211.0,2014.0,186593.0,4.5,3.0,1.0,3.0,Ford,Manual,hybrid,47356.35
361.0,2014.0,60107.0,3.0,4.0,1.0,4.0,Ford,Manual,electric,63108.65
284.0,2021.0,102531.0,3.0,2.0,4.0,2.0,Honda,Manual,electric,51743.25
77.0,2012.0,78631.0,2.2,2.0,3.0,2.0,BMW,Manual,electric,32815.45
331.0,2011.0,102531.0,3.7,4.0,3.0,4.0,BMW,Automatic,hybrid,57780.4
334.0,2022.0,102531.0,1.3,3.0,1.0,3.0,BMW,Manual,hybrid,46715.4
305.0,2019.0,116451.0,4.8,3.0,4.0,3.0,Ford,Manual,hybrid,60302.45
331.0,2012.0,198065.0,4.3,2.0,4.0,2.0,Tesla,Manual,electric,52950.75
197.0,2008.0,11922.0,4.2,4.0,1.0,4.0,Ford,Manual,hybrid,51719.9
138.0,2008.0,102531.0,3.6,2.0,2.0,2.0,Hyundai,Manual,diesel,37088.3
143.0,2007.0,56468.0,2.1,2.0,4.0,2.0,Tesla,Manual,electric,33451.6
231.0,2014.0,102531.0,3.9,2.0,1.0,2.0,BMW,Automatic,petrol,61707.4
262.0,2023.0,102531.0,3.4,4.0,4.0,4.0,BMW,Automatic,hybrid,53570.4
231.0,2014.0,102531.0,4.7,4.0,3.0,4.0,BMW,Manual,diesel,50340.65
333.0,2023.0,54907.0,2.2,2.0,3.0,2.0,Toyota,Manual,electric,57630.65
226.0,2008.0,67543.0,2.6,2.0,3.0,2.0,Toyota,Automatic,hybrid,41438.85
226.0,2014.0,101950.0,3.0,2.0,1.0,2.0,Toyota,Manual,hybrid,57784.5
226.0,2014.0,184357.0,1.1,2.0,4.0,2.0,Ford,Automatic,diesel,34019.15
226.0,2017.0,22634.0,4.3,2.0,3.0,2.0,Ford,Automatic,diesel,63408.3
83.0,2014.0,34545.0,1.2,4.0,3.0,4.0,Hyundai,Manual,diesel,39894.75
75.0,2014.0,102531.0,1.5,3.0,1.0,3.0,Toyota,Automatic,diesel,34708.8
226.0,2021.0,191023.0,1.8,2.0,4.0,2.0,Toyota,Automatic,diesel,37807.85
196.0,2014.0,195208.0,1.1,3.0,4.0,3.0,Ford,Automatic,diesel,33229.6
161.0,2005.0,102531.0,1.8,2.0,2.0,2.0,Ford,Manual,petrol,25805.6
230.0,2014.0,135842.0,2.6,4.0,4.0,4.0,Honda,Automatic,petrol,46721.9
226.0,2014.0,146554.0,2.1,2.0,4.0,2.0,Ford,Manual,electric,39507.3
230.0,2007.0,116077.0,1.3,4.0,4.0,4.0,Honda,Manual,hybrid,31022.15
219.0,2014.0,25169.0,3.8,2.0,4.0,2.0,Honda,Automatic,diesel,54878.55
134.0,2005.0,40050.0,2.9,2.0,2.0,2.0,BMW,Manual,diesel,37118.5
127.0,2008.0,109733.0,3.0,3.0,4.0,3.0,Toyota,Manual,diesel,41548.35
226.0,2014.0,102531.0,2.3,3.0,2.0,3.0,Toyota,Automatic,electric,34255.6
231.0,2008.0,102531.0,2.7,2.0,2.0,2.0,BMW,Manual,petrol,39225.05
243.0,2009.0,80591.0,1.1,3.0,4.0,3.0,Ford,Automatic,diesel,33585.45
231.0,2014.0,102531.0,2.0,4.0,4.0,4.0,BMW,Manual,diesel,23596.9
257.0,2007.0,102531.0,3.7,3.0,3.0,3.0,Hyundai,Manual,hybrid,51833.2
300.0,2010.0,99702.0,2.6,2.0,2.0,2.0,Tesla,Automatic,electric,45601.9
376.0,2009.0,153117.0,4.7,2.0,1.0,2.0,Ford,Manual,diesel,58526.15
100.0,2006.0,90820.0,4.8,4.0,3.0,4.0,Honda,Manual,electric,42576.0
177.0,2006.0,10192.0,3.1,4.0,3.0,4.0,Hyundai,Automatic,hybrid,43582.4
350.0,2014.0,102531.0,3.3,4.0,2.0,4.0,BMW,Manual,petrol,63187.45
245.0,2014.0,49512.0,3.0,4.0,3.0,4.0,Hyundai,Automatic,hybrid,46391.4
246.0,2019.0,166769.0,3.4,2.0,4.0,2.0,Toyota,Manual,diesel,50663.55
257.0,2019.0,25092.0,1.8,2.0,4.0,2.0,Hyundai,Manual,electric,42019.4
249.0,2006.0,102531.0,3.6,4.0,1.0,4.0,Toyota,Manual,electric,44351.15
309.0,2014.0,102531.0,2.7,2.0,4.0,2.0,BMW,Automatic,diesel,44302.3
364.0,2021.0,102531.0,3.5,2.0,4.0,2.0,BMW,Automatic,hybrid,56379.75
83.0,2014.0,125725.0,4.9,3.0,4.0,3.0,Hyundai,Automatic,hybrid,50738.75
127.0,2017.0,102531.0,2.4,3.0,4.0,3.0,Toyota,Manual,electric,34143.3
144.0,2019.0,128425.0,1.7,3.0,1.0,3.0,Honda,Automatic,petrol,39726.75
231.0,2008.0,101324.0,3.0,4.0,4.0,4.0,BMW,Manual,hybrid,30034.800000000003
161.0,2018.0,131204.0,4.7,3.0,1.0,3.0,BMW,Manual,petrol,56239.8
278.0,2021.0,157215.0,4.7,2.0,4.0,2.0,Ford,Manual,hybrid,60269.25
149.0,2014.0,121062.0,4.6,4.0,1.0,4.0,Toyota,Automatic,petrol,49289.9
313.0,2014.0,102531.0,2.3,4.0,2.0,4.0,Honda,Automatic,petrol,46711.45
91.0,2009.0,130291.0,4.0,2.0,1.0,2.0,Ford,Automatic,petrol,42514.45
277.0,2015.0,102531.0,4.3,2.0,4.0,2.0,Toyota,Automatic,petrol,56738.8
274.0,2005.0,50783.0,2.6,3.0,3.0,3.0,Ford,Automatic,petrol,40903.85
322.0,2022.0,116860.0,3.0,2.0,4.0,2.0,Tesla,Automatic,electric,43997.0
258.0,2016.0,108134.0,2.8,2.0,4.0,2.0,Tesla,Automatic,electric,45068.3
370.0,2016.0,115814.0,4.3,4.0,3.0,4.0,Honda,Automatic,diesel,58468.3
285.0,2014.0,102531.0,2.9,3.0,4.0,3.0,Hyundai,Manual,hybrid,46029.75
243.0,2021.0,102531.0,3.0,2.0,4.0,2.0,Tesla,Automatic,electric,59237.45
227.0,2014.0,48988.0,3.4,2.0,4.0,2.0,Toyota,Manual,electric,45666.6
230.0,2023.0,102531.0,1.0,2.0,4.0,2.0,Honda,Manual,hybrid,38757.85
316.0,2014.0,22165.0,4.5,2.0,4.0,2.0,Tesla,Automatic,electric,56199.75
356.0,2020.0,17150.0,3.8,3.0,4.0,3.0,Honda,Manual,petrol,64381.5
217.0,2014.0,74778.0,4.4,3.0,2.0,3.0,Ford,Automatic,hybrid,59398.1
231.0,2019.0,136743.0,3.2,4.0,4.0,4.0,BMW,Manual,petrol,51035.85
226.0,2014.0,102531.0,2.6,4.0,3.0,4.0,Toyota,Manual,electric,40619.55
368.0,2023.0,67576.0,5.0,2.0,4.0,2.0,Hyundai,Automatic,hybrid,67918.2
315.0,2014.0,152702.0,3.7,2.0,2.0,2.0,Tesla,Manual,electric,46461.9
356.0,2023.0,62745.0,2.6,4.0,4.0,4.0,Ford,Manual,petrol,63718.75
81.0,2012.0,119110.0,3.0,2.0,2.0,2.0,Honda,Manual,hybrid,32736.5
399.0,2014.0,102531.0,1.5,4.0,2.0,4.0,BMW,Automatic,petrol,41983.6
344.0,2016.0,103315.0,3.0,4.0,2.0,4.0,Hyundai,Automatic,petrol,49946.25
256.0,2012.0,21978.0,2.2,2.0,2.0,2.0,Toyota,Automatic,diesel,49011.1
395.0,2014.0,83097.0,3.0,3.0,1.0,3.0,Ford,Manual,diesel,47361.15
259.0,2012.0,59711.0,2.7,2.0,4.0,2.0,BMW,Automatic,petrol,47832.45
110.0,2016.0,84198.0,4.2,2.0,2.0,2.0,Toyota,Automatic,diesel,51050.1
76.0,2020.0,29918.0,4.0,2.0,4.0,2.0,Tesla,Automatic,electric,50186.1
345.0,2014.0,49225.0,3.0,2.0,1.0,2.0,BMW,Automatic,petrol,66928.75
358.0,2014.0,100028.0,3.0,2.0,2.0,2.0,Honda,Manual,petrol,56333.6
144.0,2014.0,35177.0,3.0,2.0,3.0,2.0,Tesla,Automatic,electric,52494.15
181.0,2019.0,189736.0,2.7,3.0,4.0,3.0,BMW,Manual,electric,41579.2
311.0,2014.0,92793.0,3.0,3.0,4.0,3.0,Ford,Manual,hybrid,40110.35
367.0,2023.0,164359.0,4.0,3.0,4.0,3.0,Honda,Automatic,petrol,62606.05
274.0,2014.0,128145.0,3.0,3.0,2.0,3.0,Honda,Automatic,petrol,41692.75
108.0,2013.0,47915.0,4.9,2.0,4.0,2.0,Toyota,Automatic,hybrid,52588.25
355.0,2009.0,102531.0,3.7,2.0,3.0,2.0,Honda,Automatic,hybrid,53267.35
230.0,2016.0,171229.0,1.9,3.0,4.0,3.0,Honda,Manual,electric,41405.55
257.0,2010.0,189951.0,1.5,2.0,1.0,2.0,Hyundai,Manual,hybrid,31133.45
228.0,2014.0,115724.0,2.0,3.0,4.0,3.0,Toyota,Manual,petrol,48996.8
282.0,2014.0,22158.0,3.9,4.0,3.0,4.0,Ford,Automatic,hybrid,51553.1
226.0,2012.0,85720.0,3.3,2.0,3.0,2.0,Toyota,Manual,petrol,49672.0
370.0,2019.0,27149.0,3.1,4.0,3.0,4.0,Tesla,Manual,electric,59199.55
198.0,2012.0,102531.0,4.6,3.0,4.0,3.0,Tesla,Automatic,electric,52625.9
226.0,2014.0,102531.0,3.9,2.0,4.0,2.0,Ford,Manual,electric,67866.0
152.0,2009.0,192223.0,2.3,2.0,4.0,2.0,Toyota,Automatic,electric,27919.85
230.0,2014.0,44322.0,3.0,2.0,4.0,2.0,Honda,Automatic,electric,61320.9
200.0,2007.0,174668.0,4.1,2.0,4.0,2.0,Honda,Automatic,diesel,38951.6
232.0,2016.0,56690.0,2.8,4.0,1.0,4.0,Honda,Automatic,hybrid,52413.5
133.0,2014.0,14304.0,1.4,3.0,4.0,3.0,Honda,Automatic,diesel,39019.8
266.0,2014.0,191258.0,3.6,2.0,4.0,2.0,Hyundai,Automatic,electric,47463.1
361.0,2010.0,186056.0,2.6,3.0,4.0,3.0,Honda,Manual,hybrid,45206.2
91.0,2023.0,120248.0,2.3,4.0,4.0,4.0,Honda,Automatic,hybrid,41423.6
114.0,2014.0,194313.0,2.3,2.0,2.0,2.0,Ford,Manual,hybrid,38005.35
70.0,2013.0,87494.0,2.4,4.0,4.0,4.0,Hyundai,Manual,hybrid,38600.3
339.0,2022.0,125627.0,2.2,2.0,1.0,2.0,Hyundai,Manual,electric,55141.65
142.0,2006.0,121850.0,4.5,3.0,3.0,3.0,Ford,Manual,petrol,39560.5
224.0,2023.0,102531.0,3.0,3.0,2.0,3.0,Ford,Automatic,diesel,45446.2
226.0,2021.0,43712.0,2.0,2.0,1.0,2.0,Toyota,Automatic,diesel,46661.4
256.0,2013.0,24515.0,3.0,4.0,4.0,4.0,Hyundai,Manual,hybrid,44090.25
180.0,2015.0,83343.0,3.0,2.0,3.0,2.0,BMW,Manual,petrol,44455.85
217.0,2014.0,35020.0,3.2,2.0,2.0,2.0,Tesla,Automatic,electric,52067.0
261.0,2011.0,147513.0,3.2,2.0,4.0,2.0,Tesla,Automatic,electric,45767.35
120.0,2023.0,102531.0,3.0,4.0,1.0,4.0,Tesla,Manual,electric,52606.15
169.0,2008.0,150251.0,4.8,2.0,2.0,2.0,BMW,Automatic,diesel,45182.45
191.0,2022.0,104372.0,4.1,4.0,3.0,4.0,Hyundai,Manual,diesel,55714.4
261.0,2014.0,102531.0,3.0,3.0,2.0,3.0,BMW,Automatic,electric,34075.8
282.0,2020.0,194492.0,3.2,4.0,3.0,4.0,Toyota,Automatic,petrol,51130.4
148.0,2014.0,102531.0,3.0,4.0,4.0,4.0,Hyundai,Automatic,diesel,27019.1
101.0,2014.0,102531.0,3.0,2.0,3.0,2.0,Hyundai,Manual,petrol,49596.85
160.0,2012.0,102531.0,4.2,3.0,4.0,3.0,BMW,Manual,petrol,44007.75
332.0,2014.0,89853.0,4.6,3.0,1.0,3.0,Tesla,Manual,electric,61877.35
84.0,2014.0,102531.0,1.6,4.0,1.0,4.0,Tesla,Manual,electric,30252.75
172.0,2017.0,147487.0,2.6,4.0,1.0,4.0,Honda,Manual,diesel,41520.65
351.0,2021.0,5799.0,3.3,4.0,4.0,4.0,BMW,Automatic,petrol,61806.05
136.0,2006.0,102531.0,3.0,3.0,3.0,3.0,Tesla,Manual,electric,29836.85
248.0,2017.0,108235.0,4.4,3.0,1.0,3.0,Toyota,Automatic,electric,58533.25
95.0,2022.0,111968.0,3.0,3.0,2.0,3.0,Tesla,Automatic,electric,53406.6
226.0,2023.0,180635.0,3.0,2.0,4.0,2.0,Ford,Manual,hybrid,34309.25
172.0,2014.0,43138.0,4.5,2.0,4.0,2.0,BMW,Automatic,diesel,56694.1
99.0,2016.0,36218.0,4.6,2.0,2.0,2.0,Ford,Automatic,diesel,55084.1
166.0,2020.0,134941.0,3.6,4.0,2.0,4.0,Toyota,Manual,petrol,50121.95
393.0,2005.0,192167.0,3.7,2.0,4.0,2.0,BMW,Automatic,petrol,45760.65
334.0,2014.0,110649.0,3.0,2.0,1.0,2.0,Ford,Automatic,diesel,67052.55
226.0,2014.0,5840.0,4.4,2.0,2.0,2.0,Ford,Automatic,hybrid,47426.0
308.0,2011.0,121378.0,4.2,2.0,4.0,2.0,Tesla,Automatic,electric,54468.1
310.0,2007.0,102531.0,1.5,4.0,2.0,4.0,Ford,Automatic,electric,34834.7
97.0,2014.0,123906.0,2.7,3.0,2.0,3.0,BMW,Automatic,petrol,42801.7
84.0,2014.0,78643.0,4.9,2.0,2.0,2.0,Tesla,Manual,electric,48761.85
313.0,2012.0,25422.0,4.9,3.0,2.0,3.0,BMW,Automatic,hybrid,61319.9
79.0,2010.0,102531.0,3.5,2.0,2.0,2.0,Honda,Manual,hybrid,34489.45
118.0,2014.0,28039.0,4.9,4.0,4.0,4.0,Hyundai,Automatic,petrol,52648.05
257.0,2013.0,23325.0,3.0,2.0,4.0,2.0,Hyundai,Manual,diesel,41604.75
122.0,2010.0,197328.0,4.0,4.0,2.0,4.0,Tesla,Manual,electric,35758.6
230.0,2013.0,141564.0,4.0,2.0,3.0,2.0,Honda,Automatic,electric,53499.8
264.0,2018.0,172022.0,3.0,2.0,1.0,2.0,Ford,Manual,petrol,50180.9
226.0,2020.0,131733.0,4.3,2.0,1.0,2.0,Toyota,Manual,electric,61221.35
243.0,2021.0,87643.0,1.0,4.0,4.0,4.0,Tesla,Manual,electric,39369.85
226.0,2014.0,7978.0,3.0,4.0,4.0,4.0,Toyota,Manual,electric,47625.1
243.0,2014.0,37161.0,2.8,2.0,1.0,2.0,Tesla,Manual,electric,42436.95
106.0,2018.0,125385.0,3.7,2.0,1.0,2.0,Hyundai,Manual,hybrid,48020.75
225.0,2014.0,102531.0,1.2,3.0,2.0,3.0,Tesla,Manual,electric,33495.1
231.0,2010.0,108021.0,4.1,3.0,4.0,3.0,BMW,Automatic,petrol,43726.95
188.0,2014.0,136066.0,4.4,3.0,2.0,3.0,Honda,Automatic,electric,45032.7
86.0,2011.0,21116.0,4.0,4.0,4.0,4.0,Toyota,Manual,petrol,41175.2
243.0,2012.0,102531.0,3.0,4.0,4.0,4.0,Tesla,Manual,electric,55208.45
243.0,2009.0,102531.0,3.0,4.0,4.0,4.0,Tesla,Automatic,electric,50236.6
111.0,2013.0,92858.0,2.7,4.0,4.0,4.0,Tesla,Automatic,electric,34220.1
140.0,2020.0,124720.0,3.9,3.0,3.0,3.0,BMW,Automatic,diesel,49082.0
230.0,2014.0,8088.0,3.3,2.0,3.0,2.0,Honda,Manual,petrol,48026.6
284.0,2007.0,187088.0,1.4,4.0,3.0,4.0,Toyota,Manual,petrol,32764.6
243.0,2007.0,7274.0,2.9,3.0,1.0,3.0,Tesla,Manual,electric,51050.3
130.0,2014.0,152733.0,4.4,4.0,3.0,4.0,Ford,Automatic,diesel,37712.35
223.0,2017.0,102531.0,2.5,2.0,4.0,2.0,BMW,Automatic,hybrid,43554.35
147.0,2014.0,128351.0,4.2,4.0,2.0,4.0,Hyundai,Manual,diesel,50180.45
374.0,2012.0,90677.0,3.0,4.0,2.0,4.0,Honda,Automatic,petrol,44292.15
207.0,2014.0,18275.0,3.7,3.0,4.0,3.0,Toyota,Automatic,hybrid,51880.25
285.0,2010.0,9761.0,3.3,3.0,4.0,3.0,Ford,Automatic,hybrid,50829.95
175.0,2006.0,141278.0,3.0,2.0,2.0,2.0,Ford,Manual,hybrid,41962.1
247.0,2018.0,105819.0,4.6,3.0,2.0,3.0,BMW,Automatic,electric,60584.05
221.0,2009.0,71267.0,3.0,3.0,2.0,3.0,Toyota,Automatic,hybrid,34343.65
371.0,2014.0,13381.0,3.6,2.0,1.0,2.0,Tesla,Automatic,electric,61481.95
373.0,2021.0,19126.0,3.3,4.0,3.0,4.0,Hyundai,Automatic,diesel,66363.7
316.0,2005.0,19915.0,1.4,3.0,1.0,3.0,Hyundai,Automatic,petrol,42980.25
375.0,2014.0,7176.0,2.5,2.0,4.0,2.0,BMW,Automatic,hybrid,48469.2
209.0,2014.0,180963.0,2.3,4.0,4.0,4.0,Hyundai,Automatic,petrol,38999.85
192.0,2007.0,102531.0,1.3,4.0,1.0,4.0,Ford,Manual,petrol,31182.05
363.0,2014.0,171590.0,3.7,4.0,4.0,4.0,Tesla,Automatic,electric,52593.5
201.0,2010.0,10607.0,3.0,2.0,1.0,2.0,Ford,Manual,hybrid,43403.65
151.0,2011.0,67781.0,4.4,2.0,2.0,2.0,Honda,Manual,diesel,47439.95
261.0,2017.0,99415.0,3.0,2.0,2.0,2.0,Honda,Automatic,electric,52288.25
243.0,2007.0,134651.0,2.3,2.0,1.0,2.0,BMW,Manual,petrol,38877.45
341.0,2009.0,87912.0,4.3,3.0,4.0,3.0,Tesla,Manual,electric,51361.4
287.0,2013.0,97254.0,4.5,4.0,4.0,4.0,BMW,Manual,electric,57436.3
211.0,2017.0,32050.0,1.3,4.0,4.0,4.0,Tesla,Manual,electric,39589.5
331.0,2012.0,12338.0,2.0,4.0,2.0,4.0,BMW,Automatic,diesel,47239.1
129.0,2023.0,6509.0,4.5,2.0,3.0,2.0,Toyota,Manual,hybrid,60164.55
371.0,2014.0,133381.0,1.6,3.0,1.0,3.0,BMW,Automatic,diesel,54232.95
257.0,2015.0,186978.0,2.4,3.0,3.0,3.0,Hyundai,Manual,petrol,37919.1
226.0,2014.0,171846.0,3.8,2.0,3.0,2.0,Ford,Automatic,diesel,36191.7
330.0,2010.0,5432.0,3.0,2.0,4.0,2.0,Tesla,Automatic,electric,50660.4
388.0,2022.0,72650.0,2.1,4.0,1.0,4.0,Honda,Automatic,electric,58563.5
370.0,2006.0,43897.0,2.8,4.0,4.0,4.0,Toyota,Manual,petrol,49777.15
142.0,2019.0,102531.0,1.8,4.0,3.0,4.0,Toyota,Automatic,hybrid,37828.3
310.0,2014.0,157606.0,4.1,2.0,3.0,2.0,Toyota,Automatic,petrol,47665.7
310.0,2011.0,102531.0,2.0,2.0,3.0,2.0,BMW,Automatic,hybrid,34893.9
188.0,2008.0,102531.0,2.2,2.0,1.0,2.0,Toyota,Automatic,petrol,39588.75
273.0,2014.0,187877.0,3.0,2.0,1.0,2.0,Toyota,Automatic,petrol,45931.15
383.0,2020.0,102531.0,1.2,4.0,1.0,4.0,Tesla,Manual,electric,49996.35
100.0,2018.0,12887.0,1.8,2.0,4.0,2.0,Toyota,Manual,electric,42125.65
379.0,2014.0,195884.0,1.9,2.0,3.0,2.0,Tesla,Manual,electric,39525.8
231.0,2012.0,102531.0,1.9,2.0,4.0,2.0,BMW,Manual,diesel,29742.4
92.0,2014.0,108565.0,2.7,3.0,4.0,3.0,Hyundai,Manual,hybrid,37653.75
121.0,2013.0,133554.0,1.2,3.0,2.0,3.0,Ford,Manual,diesel,29757.3
82.0,2014.0,113154.0,3.0,3.0,2.0,3.0,Toyota,Automatic,hybrid,33885.3
143.0,2007.0,5255.0,3.9,3.0,4.0,3.0,Honda,Automatic,electric,43433.25
243.0,2006.0,74306.0,2.6,3.0,1.0,3.0,Tesla,Automatic,electric,43637.7
255.0,2014.0,102531.0,3.6,2.0,4.0,2.0,Toyota,Manual,diesel,47382.7
138.0,2014.0,102531.0,3.1,4.0,4.0,4.0,Hyundai,Manual,hybrid,34528.25
134.0,2020.0,28086.0,3.0,4.0,4.0,4.0,Tesla,Manual,electric,49411.7
257.0,2007.0,135613.0,1.2,2.0,4.0,2.0,Hyundai,Automatic,diesel,32823.35
244.0,2023.0,127834.0,1.8,3.0,4.0,3.0,Honda,Automatic,electric,42507.3
134.0,2014.0,175842.0,3.2,4.0,4.0,4.0,Honda,Manual,electric,37663.9
243.0,2014.0,102531.0,1.3,2.0,1.0,2.0,Hyundai,Automatic,electric,40118.7
216.0,2020.0,15715.0,4.0,4.0,1.0,4.0,Tesla,Manual,electric,60416.25
392.0,2010.0,49518.0,1.9,4.0,1.0,4.0,Toyota,Manual,electric,52457.1
358.0,2009.0,112461.0,4.1,2.0,4.0,2.0,Hyundai,Automatic,hybrid,53431.95
319.0,2012.0,13625.0,2.2,4.0,3.0,4.0,BMW,Manual,electric,46333.75
230.0,2012.0,59078.0,2.6,4.0,2.0,4.0,Honda,Automatic,hybrid,46044.1
369.0,2016.0,102531.0,3.0,3.0,4.0,3.0,Ford,Automatic,electric,58723.65
178.0,2008.0,102531.0,2.3,4.0,4.0,4.0,Toyota,Automatic,diesel,34080.3
174.0,2013.0,161926.0,3.5,4.0,4.0,4.0,BMW,Manual,diesel,42759.7
285.0,2012.0,23402.0,1.5,2.0,3.0,2.0,Honda,Automatic,petrol,45894.9
257.0,2018.0,174564.0,3.0,3.0,2.0,3.0,Hyundai,Automatic,hybrid,42510.8
245.0,2010.0,102531.0,2.1,2.0,1.0,2.0,BMW,Automatic,diesel,39703.65
185.0,2014.0,58010.0,2.5,2.0,4.0,2.0,Honda,Automatic,hybrid,39287.5
168.0,2016.0,80320.0,3.8,3.0,2.0,3.0,Hyundai,Automatic,diesel,47891.0
216.0,2007.0,116573.0,1.1,2.0,3.0,2.0,Toyota,Automatic,electric,30732.35
267.0,2010.0,156756.0,1.1,4.0,4.0,4.0,BMW,Automatic,electric,32058.2
176.0,2014.0,11277.0,3.7,3.0,4.0,3.0,Ford,Manual,petrol,54726.15
373.0,2014.0,119930.0,3.9,4.0,4.0,4.0,BMW,Manual,diesel,48207.5
102.0,2016.0,10167.0,3.3,2.0,4.0,2.0,Toyota,Automatic,electric,47317.65
317.0,2012.0,5694.0,3.0,3.0,1.0,3.0,Tesla,Automatic,electric,50214.3
228.0,2014.0,164511.0,2.0,3.0,4.0,3.0,Toyota,Automatic,diesel,36898.45
362.0,2014.0,133701.0,2.4,3.0,1.0,3.0,Ford,Automatic,diesel,46695.95
350.0,2009.0,67175.0,3.9,2.0,4.0,2.0,Hyundai,Automatic,diesel,55577.25
95.0,2014.0,102531.0,1.0,4.0,3.0,4.0,Toyota,Automatic,petrol,20840.25
328.0,2019.0,153112.0,4.7,4.0,3.0,4.0,Tesla,Automatic,electric,63021.4
390.0,2012.0,189627.0,3.9,2.0,1.0,2.0,Toyota,Automatic,diesel,56753.65
209.0,2005.0,24340.0,1.7,3.0,1.0,3.0,Tesla,Automatic,electric,33830.0
218.0,2022.0,102531.0,1.3,2.0,4.0,2.0,Hyundai,Manual,electric,40924.6
215.0,2014.0,27694.0,1.3,4.0,4.0,4.0,BMW,Manual,petrol,36245.3
217.0,2014.0,102531.0,1.5,2.0,1.0,2.0,Toyota,Manual,electric,45399.25
230.0,2022.0,102531.0,4.4,2.0,4.0,2.0,Honda,Manual,diesel,64103.2
186.0,2020.0,102531.0,4.4,2.0,1.0,2.0,BMW,Automatic,diesel,53222.65
350.0,2012.0,84720.0,3.0,3.0,1.0,3.0,BMW,Automatic,hybrid,59684.0
226.0,2020.0,17076.0,3.7,2.0,4.0,2.0,Toyota,Automatic,diesel,51961.2
377.0,2023.0,66451.0,3.7,2.0,3.0,2.0,Honda,Manual,petrol,63822.45
389.0,2012.0,105591.0,3.0,2.0,2.0,2.0,Honda,Automatic,hybrid,44849.45
162.0,2018.0,24346.0,2.7,2.0,2.0,2.0,Toyota,Automatic,petrol,47952.7
156.0,2018.0,18285.0,4.6,3.0,1.0,3.0,Hyundai,Manual,hybrid,57978.75
309.0,2008.0,77010.0,4.0,3.0,4.0,3.0,Ford,Automatic,petrol,50334.5
226.0,2010.0,89739.0,1.7,4.0,1.0,4.0,Toyota,Manual,electric,34819.05
226.0,2014.0,164236.0,3.0,3.0,3.0,3.0,Toyota,Automatic,electric,37534.2
85.0,2010.0,54582.0,3.9,3.0,2.0,3.0,Hyundai,Automatic,electric,43044.9
377.0,2016.0,131406.0,3.0,3.0,2.0,3.0,Toyota,Manual,electric,47726.7
257.0,2021.0,33523.0,3.0,2.0,4.0,2.0,Hyundai,Automatic,petrol,57129.85
226.0,2014.0,28772.0,2.7,2.0,1.0,2.0,Ford,Manual,electric,49125.4
231.0,2006.0,160828.0,3.1,3.0,1.0,3.0,BMW,Manual,hybrid,31891.6
226.0,2005.0,52176.0,4.1,2.0,2.0,2.0,Ford,Automatic,electric,45911.2
245.0,2007.0,148588.0,2.9,4.0,3.0,4.0,Hyundai,Manual,diesel,39293.6
177.0,2014.0,102531.0,3.4,4.0,1.0,4.0,Ford,Automatic,electric,52691.9
338.0,2021.0,168068.0,1.4,4.0,4.0,4.0,BMW,Automatic,electric,44547.6
241.0,2013.0,102531.0,3.2,3.0,2.0,3.0,Toyota,Automatic,hybrid,48245.05
182.0,2014.0,57870.0,2.4,3.0,1.0,3.0,BMW,Manual,petrol,35605.5
202.0,2014.0,30921.0,4.4,4.0,3.0,4.0,Toyota,Automatic,electric,60711.95
224.0,2007.0,193489.0,1.5,2.0,2.0,2.0,Honda,Manual,petrol,29125.55
191.0,2022.0,63643.0,3.0,2.0,4.0,2.0,BMW,Automatic,hybrid,56077.85
365.0,2014.0,153743.0,3.0,3.0,2.0,3.0,Hyundai,Automatic,electric,65440.85
115.0,2019.0,97307.0,2.0,4.0,3.0,4.0,Honda,Manual,diesel,41378.65
385.0,2019.0,59672.0,1.2,4.0,2.0,4.0,Ford,Manual,electric,50651.4
309.0,2009.0,98590.0,2.2,2.0,2.0,2.0,Ford,Manual,diesel,40561.5
100.0,2014.0,150707.0,1.9,2.0,1.0,2.0,Toyota,Manual,hybrid,35093.65
348.0,2012.0,169762.0,4.6,2.0,2.0,2.0,Honda,Automatic,petrol,52885.9
87.0,2014.0,153346.0,3.0,3.0,4.0,3.0,Ford,Manual,petrol,36356.7
257.0,2008.0,150512.0,4.8,4.0,3.0,4.0,Hyundai,Manual,hybrid,50827.4
150.0,2014.0,107395.0,3.0,2.0,4.0,2.0,Ford,Automatic,hybrid,45146.25
115.0,2008.0,78551.0,2.9,4.0,1.0,4.0,Toyota,Manual,electric,38930.45
128.0,2017.0,137818.0,4.8,4.0,4.0,4.0,Hyundai,Manual,hybrid,47829.1
226.0,2014.0,102531.0,4.4,2.0,3.0,2.0,Toyota,Automatic,diesel,52174.55
153.0,2012.0,111723.0,2.4,4.0,2.0,4.0,Ford,Automatic,electric,36626.85
272.0,2012.0,148670.0,2.3,3.0,4.0,3.0,BMW,Manual,petrol,40004.5
389.0,2014.0,102531.0,4.3,2.0,2.0,2.0,Ford,Manual,diesel,64310.9
135.0,2014.0,117424.0,3.9,3.0,1.0,3.0,Hyundai,Automatic,petrol,39854.8
105.0,2014.0,155494.0,2.4,3.0,1.0,3.0,Tesla,Manual,electric,37279.3
206.0,2010.0,176304.0,2.8,3.0,4.0,3.0,Honda,Manual,hybrid,35924.8
252.0,2022.0,145710.0,1.3,2.0,4.0,2.0,Tesla,Manual,electric,44098.5
226.0,2006.0,91105.0,2.4,2.0,4.0,2.0,Toyota,Manual,diesel,35212.75
301.0,2016.0,101636.0,3.0,2.0,2.0,2.0,BMW,Automatic,hybrid,49521.2
230.0,2013.0,102531.0,2.0,2.0,3.0,2.0,Honda,Manual,electric,36334.1
255.0,2019.0,178101.0,4.2,4.0,4.0,4.0,Tesla,Manual,electric,54814.95
257.0,2014.0,102531.0,3.0,3.0,4.0,3.0,Hyundai,Manual,petrol,43804.15
99.0,2017.0,5296.0,3.4,2.0,3.0,2.0,Honda,Automatic,hybrid,48296.2
367.0,2014.0,102531.0,4.3,2.0,3.0,2.0,Toyota,Automatic,electric,62628.6
310.0,2013.0,102531.0,1.7,3.0,3.0,3.0,Toyota,Automatic,diesel,40681.6
114.0,2014.0,141464.0,3.5,3.0,4.0,3.0,Tesla,Automatic,electric,38131.8
87.0,2005.0,198080.0,2.4,2.0,4.0,2.0,Hyundai,Manual,electric,23636.0
257.0,2014.0,146916.0,2.2,2.0,4.0,2.0,Hyundai,Automatic,electric,34873.2
243.0,2014.0,14884.0,4.4,3.0,4.0,3.0,Tesla,Automatic,electric,59839.8
81.0,2014.0,187403.0,3.0,2.0,4.0,2.0,Honda,Automatic,petrol,23455.85
379.0,2017.0,104854.0,4.8,2.0,4.0,2.0,Honda,Automatic,electric,61857.3
352.0,2022.0,102531.0,4.3,2.0,4.0,2.0,Ford,Manual,petrol,65223.15
230.0,2005.0,56999.0,4.4,3.0,2.0,3.0,Honda,Manual,petrol,55790.05
230.0,2018.0,78143.0,3.0,2.0,1.0,2.0,BMW,Manual,electric,53473.85
393.0,2014.0,50802.0,2.7,2.0,1.0,2.0,Hyundai,Manual,diesel,47871.9
122.0,2009.0,91984.0,4.9,4.0,4.0,4.0,Honda,Manual,hybrid,44249.8
86.0,2010.0,73049.0,3.0,2.0,1.0,2.0,Ford,Automatic,hybrid,44086.55
109.0,2005.0,102531.0,4.3,2.0,4.0,2.0,Honda,Automatic,diesel,39153.3
203.0,2011.0,143709.0,2.6,3.0,1.0,3.0,Toyota,Automatic,petrol,40104.55
201.0,2012.0,23799.0,3.0,3.0,2.0,3.0,BMW,Manual,petrol,52873.05
337.0,2017.0,140607.0,3.0,2.0,2.0,2.0,BMW,Automatic,electric,56620.65
175.0,2018.0,102531.0,1.1,2.0,1.0,2.0,Toyota,Manual,petrol,38190.25
333.0,2014.0,74672.0,2.2,3.0,2.0,3.0,BMW,Manual,diesel,41894.4
226.0,2023.0,60486.0,3.0,3.0,2.0,3.0,Toyota,Manual,diesel,63814.7
184.0,2018.0,92695.0,3.0,3.0,2.0,3.0,BMW,Manual,diesel,47915.25
104.0,2008.0,190616.0,3.0,2.0,4.0,2.0,Ford,Manual,diesel,21838.2
72.0,2011.0,155492.0,4.0,2.0,2.0,2.0,BMW,Manual,electric,38071.4
226.0,2007.0,172207.0,2.6,4.0,2.0,4.0,Toyota,Automatic,diesel,34961.65
191.0,2020.0,47865.0,3.7,3.0,3.0,3.0,BMW,Manual,electric,52824.75
242.0,2014.0,154666.0,4.3,2.0,4.0,2.0,Ford,Manual,hybrid,48078.7
257.0,2016.0,37535.0,3.2,2.0,4.0,2.0,Hyundai,Automatic,petrol,46605.25
226.0,2015.0,192588.0,1.0,3.0,4.0,3.0,Ford,Automatic,hybrid,24942.6
306.0,2014.0,105211.0,1.4,2.0,4.0,2.0,Toyota,Manual,hybrid,42277.45
226.0,2023.0,75864.0,1.2,2.0,3.0,2.0,Ford,Automatic,hybrid,46896.8
231.0,2008.0,52006.0,1.2,2.0,1.0,2.0,BMW,Automatic,electric,30355.7
226.0,2019.0,102531.0,3.3,2.0,2.0,2.0,Ford,Automatic,diesel,57786.95
381.0,2014.0,179297.0,4.2,4.0,4.0,4.0,Toyota,Automatic,electric,48371.15
119.0,2012.0,102531.0,1.1,2.0,4.0,2.0,BMW,Automatic,diesel,32598.050000000003
381.0,2008.0,102531.0,3.0,3.0,3.0,3.0,Toyota,Manual,petrol,42285.85
230.0,2011.0,19318.0,3.4,3.0,1.0,3.0,Honda,Automatic,petrol,53288.1
231.0,2013.0,102531.0,3.0,4.0,4.0,4.0,BMW,Manual,diesel,37659.2
267.0,2018.0,102531.0,4.5,4.0,2.0,4.0,Hyundai,Manual,petrol,60738.1
249.0,2006.0,147245.0,1.7,2.0,4.0,2.0,BMW,Manual,diesel,28639.75
335.0,2017.0,101213.0,2.3,3.0,4.0,3.0,Tesla,Automatic,electric,52708.35
257.0,2008.0,43562.0,3.1,3.0,3.0,3.0,Hyundai,Automatic,petrol,50279.9
114.0,2021.0,181384.0,3.1,2.0,1.0,2.0,Ford,Automatic,hybrid,43376.8
279.0,2006.0,74687.0,3.6,3.0,4.0,3.0,Tesla,Manual,electric,46819.65
371.0,2014.0,26686.0,3.0,2.0,3.0,2.0,Honda,Manual,hybrid,59006.7
231.0,2014.0,90481.0,3.6,4.0,3.0,4.0,BMW,Manual,electric,48096.95
347.0,2020.0,117143.0,1.3,4.0,2.0,4.0,Hyundai,Manual,hybrid,48402.85
325.0,2009.0,102531.0,2.1,3.0,4.0,3.0,BMW,Automatic,diesel,49052.9
206.0,2014.0,102531.0,3.0,2.0,2.0,2.0,Toyota,Manual,diesel,47324.75
204.0,2008.0,38697.0,2.4,4.0,1.0,4.0,Hyundai,Automatic,diesel,39389.15
101.0,2005.0,76939.0,1.1,4.0,3.0,4.0,Ford,Automatic,electric,23833.05
380.0,2010.0,140174.0,4.9,4.0,2.0,4.0,Hyundai,Manual,electric,57246.3
190.0,2015.0,112631.0,3.0,2.0,2.0,2.0,Hyundai,Manual,hybrid,45316.45
120.0,2014.0,47464.0,2.5,3.0,4.0,3.0,BMW,Automatic,hybrid,41644.8
305.0,2020.0,102531.0,3.1,3.0,1.0,3.0,BMW,Manual,hybrid,56026.25
77.0,2014.0,102531.0,2.8,2.0,1.0,2.0,Honda,Automatic,diesel,42376.35
289.0,2018.0,102531.0,1.2,3.0,2.0,3.0,Honda,Automatic,diesel,46348.5
343.0,2007.0,65261.0,1.3,4.0,3.0,4.0,Hyundai,Automatic,diesel,37704.95
225.0,2007.0,89153.0,3.0,2.0,3.0,2.0,Ford,Automatic,hybrid,49063.35
124.0,2023.0,77908.0,1.5,2.0,4.0,2.0,Hyundai,Automatic,petrol,39790.6
230.0,2014.0,132135.0,1.1,4.0,4.0,4.0,Honda,Automatic,electric,38459.25
230.0,2014.0,86371.0,3.0,2.0,3.0,2.0,Honda,Automatic,diesel,54516.45
135.0,2014.0,12044.0,2.5,2.0,2.0,2.0,Toyota,Automatic,diesel,48699.8
204.0,2014.0,102531.0,3.0,3.0,4.0,3.0,Tesla,Manual,electric,37355.65
93.0,2018.0,102531.0,3.0,2.0,4.0,2.0,Honda,Manual,petrol,37060.5
230.0,2014.0,179223.0,4.5,4.0,2.0,4.0,Honda,Automatic,petrol,57366.85
80.0,2017.0,193210.0,1.7,2.0,3.0,2.0,Honda,Manual,petrol,30810.5
279.0,2010.0,139011.0,4.0,3.0,1.0,3.0,Ford,Automatic,hybrid,50411.45
130.0,2016.0,23891.0,1.2,2.0,3.0,2.0,BMW,Manual,petrol,37565.45
367.0,2014.0,107537.0,2.1,3.0,4.0,3.0,Toyota,Automatic,diesel,43230.15
243.0,2019.0,123371.0,3.0,2.0,1.0,2.0,Tesla,Automatic,electric,67784.45
94.0,2014.0,138964.0,3.2,2.0,4.0,2.0,Honda,Manual,petrol,37961.8
182.0,2012.0,6074.0,1.7,2.0,4.0,2.0,Tesla,Automatic,electric,38018.3
86.0,2014.0,102531.0,3.9,2.0,4.0,2.0,Ford,Automatic,hybrid,44665.05
318.0,2010.0,163696.0,3.0,3.0,4.0,3.0,Tesla,Manual,electric,47743.2
85.0,2011.0,190151.0,3.6,2.0,2.0,2.0,Tesla,Automatic,electric,35402.45
342.0,2014.0,102531.0,2.2,2.0,4.0,2.0,BMW,Manual,hybrid,46701.7
217.0,2017.0,131839.0,2.6,2.0,4.0,2.0,BMW,Automatic,hybrid,44971.05
214.0,2006.0,155405.0,3.0,3.0,4.0,3.0,Toyota,Automatic,hybrid,37024.75
223.0,2014.0,102531.0,3.0,3.0,2.0,3.0,Toyota,Manual,hybrid,52604.1
167.0,2018.0,19925.0,1.8,3.0,3.0,3.0,Tesla,Automatic,electric,44650.75
243.0,2014.0,84303.0,2.1,2.0,1.0,2.0,Tesla,Automatic,electric,32732.85
295.0,2023.0,102531.0,3.0,4.0,4.0,4.0,Toyota,Manual,petrol,56855.7
107.0,2014.0,149811.0,4.3,4.0,1.0,4.0,Tesla,Manual,electric,43347.45
315.0,2023.0,167062.0,2.9,4.0,4.0,4.0,Hyundai,Automatic,electric,51958.9
140.0,2013.0,70792.0,4.3,2.0,4.0,2.0,BMW,Automatic,diesel,51222.4
241.0,2014.0,149867.0,4.8,2.0,1.0,2.0,Honda,Manual,diesel,61136.65
272.0,2014.0,89274.0,1.4,2.0,4.0,2.0,Tesla,Manual,electric,33706.3
169.0,2023.0,147744.0,4.6,2.0,3.0,2.0,Ford,Automatic,hybrid,55865.8
342.0,2014.0,102531.0,3.0,3.0,2.0,3.0,Hyundai,Automatic,electric,57599.6
295.0,2021.0,149938.0,2.4,3.0,4.0,3.0,Hyundai,Manual,electric,49839.1
191.0,2023.0,104290.0,3.6,4.0,4.0,4.0,BMW,Automatic,diesel,53293.5
257.0,2021.0,144190.0,1.3,4.0,3.0,4.0,Hyundai,Automatic,electric,48872.5
372.0,2015.0,60264.0,4.2,4.0,4.0,4.0,BMW,Manual,petrol,60917.8
85.0,2015.0,173678.0,3.1,2.0,4.0,2.0,Toyota,Automatic,hybrid,32626.1
226.0,2014.0,102531.0,3.0,2.0,4.0,2.0,Ford,Automatic,electric,44889.05
318.0,2019.0,116375.0,3.1,2.0,4.0,2.0,Hyundai,Automatic,petrol,50698.25
224.0,2023.0,115454.0,2.8,2.0,3.0,2.0,BMW,Manual,petrol,53286.3
198.0,2005.0,92212.0,3.0,4.0,4.0,4.0,BMW,Automatic,diesel,31797.4
231.0,2013.0,161189.0,4.3,2.0,4.0,2.0,BMW,Manual,diesel,46469.55
98.0,2014.0,113397.0,3.5,4.0,4.0,4.0,Hyundai,Manual,diesel,35191.15
74.0,2023.0,102531.0,2.2,2.0,1.0,2.0,Ford,Manual,petrol,46555.6
164.0,2005.0,67863.0,4.9,2.0,2.0,2.0,Ford,Automatic,hybrid,48441.85
310.0,2023.0,102531.0,3.0,2.0,4.0,2.0,Hyundai,Manual,diesel,61734.35
231.0,2007.0,190006.0,3.0,4.0,1.0,4.0,BMW,Automatic,diesel,32042.7
231.0,2019.0,31962.0,2.6,3.0,3.0,3.0,BMW,Manual,diesel,43614.9
94.0,2008.0,149345.0,4.0,2.0,3.0,2.0,Toyota,Manual,diesel,35697.75
345.0,2014.0,171415.0,4.2,4.0,4.0,4.0,Hyundai,Manual,electric,53952.25
284.0,2022.0,102531.0,1.3,2.0,3.0,2.0,Ford,Automatic,electric,43968.05
230.0,2011.0,127649.0,3.0,4.0,1.0,4.0,Honda,Automatic,diesel,40820.55
321.0,2014.0,21571.0,2.7,2.0,4.0,2.0,Tesla,Automatic,electric,56765.45
363.0,2014.0,68355.0,4.2,2.0,2.0,2.0,Ford,Manual,diesel,61155.25
226.0,2015.0,102531.0,4.8,4.0,4.0,4.0,Toyota,Manual,diesel,48770.9
201.0,2017.0,102531.0,3.0,2.0,2.0,2.0,Ford,Automatic,diesel,48464.95
226.0,2008.0,51728.0,4.6,3.0,4.0,3.0,Ford,Automatic,petrol,63143.6
285.0,2012.0,54632.0,1.1,4.0,4.0,4.0,Hyundai,Manual,diesel,37812.4
222.0,2021.0,35844.0,2.7,2.0,1.0,2.0,Honda,Manual,petrol,56698.8
329.0,2023.0,161290.0,4.5,4.0,3.0,4.0,Ford,Manual,petrol,62769.5
227.0,2014.0,102531.0,3.0,4.0,1.0,4.0,Hyundai,Automatic,diesel,56812.35
344.0,2014.0,140549.0,1.0,4.0,3.0,4.0,Tesla,Automatic,electric,38048.55
269.0,2021.0,197990.0,4.2,4.0,4.0,4.0,Tesla,Manual,electric,51515.5
230.0,2006.0,177751.0,2.6,3.0,4.0,3.0,Toyota,Manual,diesel,35503.45
361.0,2015.0,21702.0,5.0,4.0,4.0,4.0,Honda,Automatic,diesel,64054.9
255.0,2014.0,189811.0,1.8,2.0,4.0,2.0,BMW,Manual,diesel,33794.45
237.0,2021.0,102531.0,4.4,3.0,3.0,3.0,BMW,Automatic,diesel,61166.55
111.0,2014.0,186601.0,4.7,3.0,3.0,3.0,BMW,Automatic,diesel,51687.95
82.0,2005.0,5209.0,3.4,2.0,2.0,2.0,Hyundai,Automatic,petrol,40185.55
308.0,2016.0,93952.0,3.0,2.0,2.0,2.0,Tesla,Automatic,electric,42834.4
225.0,2014.0,27462.0,4.0,2.0,3.0,2.0,BMW,Automatic,hybrid,46466.9
363.0,2009.0,145316.0,3.0,4.0,2.0,4.0,BMW,Automatic,petrol,42089.2
86.0,2022.0,102531.0,2.1,2.0,2.0,2.0,BMW,Automatic,electric,44174.7
205.0,2014.0,96207.0,3.0,2.0,1.0,2.0,Hyundai,Automatic,petrol,41817.65
89.0,2010.0,60659.0,4.9,2.0,3.0,2.0,Ford,Manual,electric,44583.05
261.0,2018.0,174771.0,1.4,2.0,4.0,2.0,Tesla,Automatic,electric,39513.45
154.0,2012.0,49772.0,4.7,4.0,4.0,4.0,Hyundai,Manual,petrol,51392.4
345.0,2011.0,180430.0,2.1,2.0,4.0,2.0,Hyundai,Automatic,petrol,40402.5
177.0,2016.0,102531.0,4.0,4.0,1.0,4.0,Honda,Manual,diesel,48058.15
238.0,2021.0,44963.0,1.3,2.0,3.0,2.0,Toyota,Automatic,electric,45882.85
139.0,2013.0,108064.0,3.0,2.0,3.0,2.0,BMW,Automatic,diesel,46430.8
225.0,2014.0,140333.0,3.0,4.0,4.0,4.0,Toyota,Automatic,diesel,47358.35
385.0,2017.0,102531.0,3.0,2.0,4.0,2.0,Hyundai,Automatic,electric,54542.45
178.0,2020.0,176669.0,3.0,4.0,1.0,4.0,Toyota,Manual,petrol,48273.55
257.0,2008.0,32610.0,3.3,2.0,2.0,2.0,Hyundai,Automatic,hybrid,53650.5
381.0,2013.0,32632.0,3.7,2.0,4.0,2.0,Ford,Manual,electric,59961.4
338.0,2021.0,102531.0,3.6,2.0,3.0,2.0,Hyundai,Manual,hybrid,56679.7
115.0,2021.0,170723.0,2.6,3.0,1.0,3.0,BMW,Manual,hybrid,41952.85
231.0,2012.0,5037.0,3.0,4.0,3.0,4.0,Honda,Automatic,petrol,58735.15
230.0,2006.0,24977.0,4.9,2.0,4.0,2.0,Honda,Manual,diesel,59262.15
147.0,2014.0,122919.0,3.0,4.0,3.0,4.0,Toyota,Automatic,electric,38676.05
237.0,2021.0,21365.0,3.0,2.0,4.0,2.0,Honda,Automatic,electric,46261.75
230.0,2013.0,102531.0,1.9,2.0,1.0,2.0,Honda,Automatic,hybrid,42764.65
84.0,2013.0,6212.0,3.4,4.0,3.0,4.0,Honda,Manual,electric,47006.4
354.0,2014.0,163145.0,1.4,2.0,1.0,2.0,Toyota,Automatic,electric,45894.75
166.0,2019.0,6115.0,3.0,2.0,4.0,2.0,Honda,Manual,petrol,44200.25
271.0,2009.0,50213.0,2.3,3.0,2.0,3.0,Honda,Manual,hybrid,46463.35
240.0,2005.0,102531.0,4.5,3.0,4.0,3.0,Tesla,Manual,electric,42981.45
92.0,2007.0,69591.0,3.0,4.0,2.0,4.0,Honda,Manual,petrol,30942.45
87.0,2014.0,68295.0,4.8,2.0,2.0,2.0,Toyota,Manual,diesel,44249.25
353.0,2014.0,72264.0,1.3,4.0,4.0,4.0,Toyota,Automatic,diesel,46087.8
330.0,2014.0,164815.0,2.0,2.0,4.0,2.0,Honda,Manual,petrol,38815.25
233.0,2023.0,157418.0,2.3,4.0,3.0,4.0,Tesla,Manual,electric,44623.1
362.0,2019.0,134669.0,3.0,4.0,2.0,4.0,Honda,Automatic,petrol,48730.55
221.0,2014.0,29395.0,2.5,2.0,4.0,2.0,Honda,Manual,diesel,47161.25
231.0,2014.0,63418.0,2.7,3.0,1.0,3.0,BMW,Automatic,petrol,41544.1
226.0,2008.0,87600.0,1.9,3.0,4.0,3.0,Ford,Automatic,hybrid,32609.0
392.0,2021.0,61174.0,3.0,4.0,4.0,4.0,Tesla,Automatic,electric,63374.3
213.0,2014.0,141427.0,2.7,3.0,3.0,3.0,Ford,Manual,electric,46108.65
350.0,2007.0,85981.0,3.2,2.0,4.0,2.0,Toyota,Automatic,diesel,46645.95
257.0,2022.0,99348.0,4.3,4.0,4.0,4.0,Hyundai,Automatic,petrol,61249.600000000006
220.0,2014.0,83947.0,2.1,3.0,4.0,3.0,Ford,Manual,hybrid,43160.65
380.0,2005.0,118694.0,3.4,2.0,4.0,2.0,Ford,Automatic,hybrid,50519.3
226.0,2009.0,157133.0,3.0,2.0,1.0,2.0,Toyota,Automatic,diesel,39264.35
257.0,2018.0,64980.0,2.3,2.0,4.0,2.0,Hyundai,Automatic,electric,52214.0
281.0,2022.0,78527.0,3.2,3.0,4.0,3.0,BMW,Automatic,diesel,52789.65
344.0,2014.0,175308.0,3.0,2.0,1.0,2.0,Toyota,Automatic,diesel,40999.6
231.0,2017.0,59555.0,1.6,3.0,3.0,3.0,Tesla,Automatic,electric,42017.25
106.0,2014.0,102531.0,4.8,2.0,4.0,2.0,BMW,Automatic,diesel,45683.1
257.0,2007.0,102531.0,1.6,2.0,4.0,2.0,Hyundai,Automatic,hybrid,28804.5
115.0,2008.0,137797.0,3.0,4.0,3.0,4.0,Tesla,Manual,electric,42674.15
257.0,2007.0,38617.0,1.4,4.0,4.0,4.0,Hyundai,Manual,petrol,36045.15
189.0,2012.0,102531.0,4.0,2.0,1.0,2.0,Honda,Manual,petrol,45814.4
226.0,2021.0,185378.0,3.0,3.0,1.0,3.0,Toyota,Automatic,petrol,49378.1
243.0,2016.0,58333.0,2.6,4.0,3.0,4.0,Tesla,Manual,electric,50289.35
231.0,2019.0,105326.0,4.2,3.0,4.0,3.0,BMW,Automatic,diesel,59022.7
294.0,2021.0,102531.0,2.5,3.0,2.0,3.0,Tesla,Automatic,electric,48700.0
357.0,2014.0,98697.0,2.3,2.0,1.0,2.0,Tesla,Automatic,electric,48723.15
196.0,2008.0,83784.0,2.7,4.0,1.0,4.0,Ford,Manual,electric,42191.8
159.0,2019.0,102531.0,1.3,3.0,4.0,3.0,Ford,Automatic,electric,38805.1
317.0,2010.0,102531.0,4.4,2.0,3.0,2.0,Tesla,Manual,electric,57250.0
172.0,2014.0,109205.0,4.5,3.0,4.0,3.0,BMW,Manual,diesel,49003.75
264.0,2016.0,197879.0,3.7,2.0,1.0,2.0,Hyundai,Automatic,petrol,51909.05
79.0,2016.0,23263.0,3.5,3.0,3.0,3.0,Honda,Manual,diesel,47563.85
82.0,2021.0,102531.0,3.0,3.0,3.0,3.0,BMW,Automatic,diesel,45999.3
343.0,2019.0,170043.0,3.0,2.0,4.0,2.0,Toyota,Automatic,electric,53853.85
102.0,2021.0,102531.0,1.9,2.0,4.0,2.0,Honda,Manual,petrol,41738.35
219.0,2014.0,20185.0,3.5,2.0,3.0,2.0,BMW,Manual,electric,54582.75
399.0,2014.0,91269.0,1.8,4.0,4.0,4.0,Hyundai,Automatic,petrol,45158.55
226.0,2021.0,55934.0,5.0,4.0,1.0,4.0,Ford,Manual,diesel,59895.3
115.0,2020.0,163239.0,3.2,3.0,4.0,3.0,Tesla,Manual,electric,41287.05
165.0,2012.0,19706.0,1.7,3.0,1.0,3.0,Honda,Automatic,electric,40687.7
84.0,2011.0,102531.0,2.6,2.0,2.0,2.0,Hyundai,Automatic,hybrid,34369.15
231.0,2014.0,146294.0,3.0,4.0,1.0,4.0,BMW,Automatic,diesel,50189.3
226.0,2015.0,102531.0,4.6,4.0,4.0,4.0,Toyota,Automatic,hybrid,52417.9
348.0,2006.0,37705.0,3.0,2.0,3.0,2.0,Ford,Automatic,diesel,42942.75
244.0,2006.0,170355.0,4.0,2.0,3.0,2.0,Toyota,Automatic,hybrid,43059.25
273.0,2014.0,125533.0,3.8,3.0,4.0,3.0,Tesla,Manual,electric,45062.35
231.0,2014.0,182132.0,4.8,4.0,2.0,4.0,BMW,Automatic,diesel,55086.4
112.0,2014.0,102531.0,2.4,4.0,4.0,4.0,Ford,Automatic,petrol,42297.5
190.0,2014.0,136732.0,4.9,4.0,2.0,4.0,Honda,Manual,petrol,44559.4
154.0,2014.0,50913.0,2.9,2.0,4.0,2.0,Toyota,Automatic,electric,38544.35
310.0,2009.0,9008.0,2.8,4.0,4.0,4.0,Hyundai,Manual,hybrid,49898.6
371.0,2014.0,5569.0,3.0,3.0,4.0,3.0,Toyota,Automatic,petrol,53959.55
274.0,2023.0,160260.0,2.4,3.0,1.0,3.0,Tesla,Automatic,electric,50892.0
162.0,2010.0,102531.0,1.6,3.0,2.0,3.0,BMW,Automatic,hybrid,36763.5
226.0,2017.0,79723.0,3.0,4.0,3.0,4.0,Toyota,Manual,petrol,45832.85
384.0,2014.0,150093.0,3.0,3.0,4.0,3.0,Hyundai,Manual,electric,60254.35
248.0,2020.0,41382.0,1.7,3.0,2.0,3.0,Toyota,Manual,electric,47459.9
360.0,2014.0,102531.0,3.1,2.0,4.0,2.0,Tesla,Manual,electric,49121.85
226.0,2021.0,6986.0,3.3,3.0,1.0,3.0,Ford,Manual,electric,62639.7
308.0,2016.0,102531.0,2.5,2.0,2.0,2.0,Hyundai,Manual,petrol,50780.95
377.0,2009.0,7431.0,2.0,4.0,3.0,4.0,Ford,Automatic,diesel,49037.45
231.0,2014.0,108915.0,1.8,4.0,4.0,4.0,BMW,Automatic,electric,39792.25
383.0,2014.0,102531.0,4.9,2.0,4.0,2.0,Toyota,Automatic,hybrid,66683.6
281.0,2015.0,102531.0,2.3,3.0,2.0,3.0,Toyota,Automatic,electric,48693.6
226.0,2017.0,42251.0,4.0,4.0,4.0,4.0,Ford,Automatic,electric,60952.45
352.0,2013.0,102531.0,3.6,4.0,4.0,4.0,Honda,Manual,hybrid,49471.35
225.0,2008.0,142405.0,1.4,3.0,1.0,3.0,Tesla,Manual,electric,33348.75
287.0,2005.0,155188.0,2.3,2.0,1.0,2.0,Tesla,Automatic,electric,39378.6
179.0,2006.0,28671.0,1.1,2.0,4.0,2.0,Hyundai,Automatic,petrol,27636.45
313.0,2013.0,105970.0,1.2,4.0,2.0,4.0,Honda,Automatic,electric,42370.5
185.0,2013.0,51766.0,1.2,3.0,2.0,3.0,Ford,Manual,electric,34088.7
80.0,2014.0,188623.0,1.8,2.0,2.0,2.0,Ford,Automatic,hybrid,30002.85
367.0,2014.0,182218.0,4.3,3.0,4.0,3.0,Honda,Automatic,diesel,53830.1
226.0,2014.0,102531.0,5.0,3.0,4.0,3.0,Toyota,Automatic,petrol,57510.8
180.0,2012.0,88629.0,2.3,2.0,2.0,2.0,BMW,Automatic,diesel,41651.55
162.0,2016.0,70018.0,4.0,2.0,2.0,2.0,Hyundai,Automatic,petrol,52256.1
122.0,2014.0,21059.0,2.1,2.0,2.0,2.0,Toyota,Manual,petrol,39700.05
355.0,2016.0,57137.0,5.0,2.0,2.0,2.0,Honda,Automatic,diesel,64242.15
226.0,2009.0,30651.0,3.4,4.0,4.0,4.0,Toyota,Automatic,hybrid,49362.45
270.0,2014.0,10782.0,3.7,2.0,2.0,2.0,BMW,Manual,electric,66484.9
167.0,2014.0,30825.0,1.7,2.0,3.0,2.0,Tesla,Manual,electric,33526.75
79.0,2011.0,121378.0,1.9,4.0,4.0,4.0,Ford,Manual,hybrid,28805.1
231.0,2014.0,102531.0,2.0,2.0,3.0,2.0,BMW,Automatic,electric,35007.7
135.0,2015.0,85992.0,3.8,4.0,4.0,4.0,Hyundai,Manual,petrol,47879.4
225.0,2014.0,130520.0,3.2,4.0,4.0,4.0,Tesla,Manual,electric,45296.0
215.0,2023.0,54950.0,1.2,4.0,4.0,4.0,Honda,Manual,diesel,44066.5
230.0,2014.0,165974.0,4.5,2.0,2.0,2.0,Honda,Manual,electric,45407.3
268.0,2008.0,199380.0,2.6,2.0,4.0,2.0,Ford,Automatic,hybrid,35717.0
226.0,2023.0,68138.0,3.0,4.0,2.0,4.0,Ford,Manual,electric,65675.1
375.0,2014.0,63601.0,3.1,2.0,1.0,2.0,Ford,Automatic,diesel,55550.95
230.0,2021.0,102531.0,4.7,3.0,3.0,3.0,Honda,Automatic,diesel,63774.7
109.0,2006.0,14308.0,4.7,2.0,2.0,2.0,Toyota,Automatic,hybrid,49360.6
294.0,2009.0,102531.0,1.5,3.0,4.0,3.0,Honda,Automatic,petrol,38254.35
135.0,2022.0,18406.0,4.9,2.0,3.0,2.0,BMW,Automatic,electric,58434.7
329.0,2006.0,65110.0,4.6,4.0,3.0,4.0,Toyota,Manual,petrol,53916.5
204.0,2008.0,170640.0,4.2,2.0,2.0,2.0,Toyota,Automatic,diesel,41728.0
230.0,2018.0,102531.0,2.6,2.0,4.0,2.0,Honda,Manual,petrol,54554.35
257.0,2015.0,165826.0,3.0,2.0,1.0,2.0,Hyundai,Manual,electric,46370.7
75.0,2014.0,196082.0,4.4,4.0,4.0,4.0,Honda,Manual,petrol,35394.9
76.0,2014.0,132769.0,3.2,2.0,1.0,2.0,Ford,Manual,petrol,38078.55
350.0,2013.0,52632.0,4.8,2.0,4.0,2.0,Honda,Manual,petrol,61564.4
340.0,2006.0,86678.0,3.4,2.0,2.0,2.0,Honda,Automatic,hybrid,49146.1
374.0,2010.0,183775.0,1.2,3.0,4.0,3.0,Ford,Automatic,petrol,34444.25
111.0,2014.0,145548.0,3.0,2.0,2.0,2.0,BMW,Automatic,electric,34113.6
257.0,2015.0,84915.0,3.0,2.0,4.0,2.0,Hyundai,Manual,electric,55336.25
334.0,2020.0,158738.0,2.8,4.0,1.0,4.0,Ford,Manual,diesel,54832.1
175.0,2014.0,123642.0,3.0,4.0,3.0,4.0,Toyota,Manual,electric,48796.9
257.0,2022.0,160146.0,4.2,2.0,4.0,2.0,Hyundai,Manual,electric,49170.7
231.0,2013.0,15839.0,1.9,4.0,4.0,4.0,BMW,Manual,diesel,33230.05
174.0,2018.0,102531.0,1.6,2.0,1.0,2.0,Hyundai,Manual,diesel,42227.45
243.0,2014.0,170418.0,1.8,2.0,2.0,2.0,Tesla,Automatic,electric,43279.1
108.0,2022.0,45136.0,4.8,3.0,3.0,3.0,Toyota,Manual,diesel,59566.2
125.0,2014.0,128862.0,4.6,3.0,1.0,3.0,Tesla,Automatic,electric,56603.9
319.0,2021.0,185891.0,4.8,3.0,3.0,3.0,Tesla,Manual,electric,62770.45
227.0,2021.0,156969.0,1.7,2.0,2.0,2.0,Honda,Manual,electric,41220.55
93.0,2010.0,102531.0,3.0,3.0,2.0,3.0,BMW,Manual,hybrid,26044.3
351.0,2014.0,102531.0,2.1,2.0,1.0,2.0,Tesla,Automatic,electric,55691.35
230.0,2022.0,13720.0,3.9,2.0,2.0,2.0,Honda,Manual,hybrid,68763.0
261.0,2022.0,151731.0,2.1,4.0,3.0,4.0,Hyundai,Automatic,electric,43698.45
241.0,2006.0,18092.0,4.5,2.0,1.0,2.0,Honda,Automatic,petrol,54198.4
79.0,2011.0,35782.0,4.3,2.0,1.0,2.0,Honda,Automatic,electric,50133.9
181.0,2014.0,102531.0,3.0,2.0,2.0,2.0,Hyundai,Manual,petrol,47750.7
185.0,2014.0,135632.0,3.0,3.0,4.0,3.0,BMW,Manual,hybrid,44960.4
352.0,2014.0,108509.0,1.5,3.0,1.0,3.0,BMW,Automatic,electric,49299.55
231.0,2014.0,102531.0,3.0,2.0,4.0,2.0,BMW,Automatic,hybrid,64110.55
231.0,2014.0,177055.0,1.4,3.0,2.0,3.0,BMW,Manual,hybrid,27042.25
257.0,2017.0,73754.0,1.1,2.0,1.0,2.0,Hyundai,Automatic,hybrid,42171.3
243.0,2010.0,173102.0,3.0,4.0,4.0,4.0,Tesla,Automatic,electric,30900.9
299.0,2008.0,108107.0,1.8,3.0,2.0,3.0,BMW,Automatic,electric,40762.65
206.0,2019.0,102531.0,2.0,2.0,4.0,2.0,Ford,Manual,diesel,48387.05
318.0,2014.0,102531.0,3.0,3.0,4.0,3.0,Hyundai,Automatic,petrol,60013.9
205.0,2007.0,96501.0,3.0,3.0,4.0,3.0,Hyundai,Automatic,petrol,31771.95
274.0,2007.0,102531.0,2.7,3.0,3.0,3.0,Honda,Automatic,electric,42850.25
241.0,2017.0,34550.0,2.6,2.0,4.0,2.0,BMW,Automatic,diesel,48014.5
295.0,2017.0,32818.0,1.7,4.0,1.0,4.0,Toyota,Manual,diesel,49991.1
286.0,2007.0,163775.0,3.3,2.0,1.0,2.0,BMW,Automatic,hybrid,45288.25
206.0,2014.0,28365.0,3.1,3.0,4.0,3.0,BMW,Manual,hybrid,47104.75
290.0,2014.0,147233.0,2.4,2.0,4.0,2.0,Hyundai,Manual,electric,38010.35
226.0,2023.0,163731.0,3.8,4.0,1.0,4.0,Ford,Manual,diesel,47426.45
186.0,2014.0,7015.0,3.4,2.0,1.0,2.0,Toyota,Manual,petrol,50466.25
257.0,2009.0,98948.0,4.5,4.0,4.0,4.0,Hyundai,Manual,electric,49917.6
243.0,2014.0,197608.0,3.0,2.0,2.0,2.0,Tesla,Manual,electric,59505.6
287.0,2023.0,158048.0,1.2,4.0,4.0,4.0,Honda,Automatic,diesel,44734.6
243.0,2014.0,102531.0,4.2,2.0,1.0,2.0,Tesla,Automatic,electric,43731.1
381.0,2008.0,106013.0,4.9,4.0,2.0,4.0,Hyundai,Manual,diesel,56074.35
363.0,2022.0,74409.0,3.0,2.0,1.0,2.0,Tesla,Manual,electric,56825.55
178.0,2017.0,95751.0,2.3,2.0,4.0,2.0,Honda,Automatic,diesel,38734.45
291.0,2015.0,102531.0,3.0,3.0,4.0,3.0,Hyundai,Automatic,electric,48376.45
257.0,2019.0,102531.0,3.8,2.0,2.0,2.0,Hyundai,Manual,hybrid,58402.85
127.0,2012.0,102531.0,5.0,2.0,3.0,2.0,Hyundai,Manual,petrol,49005.1
337.0,2009.0,184992.0,2.4,3.0,3.0,3.0,Hyundai,Automatic,petrol,38566.4
354.0,2022.0,54752.0,2.0,3.0,3.0,3.0,BMW,Manual,petrol,57420.4
226.0,2018.0,61361.0,3.0,3.0,4.0,3.0,Ford,Manual,electric,42161.95
132.0,2018.0,102531.0,1.1,4.0,4.0,4.0,Ford,Manual,electric,34003.65
231.0,2014.0,173217.0,2.7,4.0,2.0,4.0,BMW,Manual,electric,36990.15
73.0,2013.0,136756.0,3.0,2.0,3.0,2.0,Tesla,Manual,electric,30917.2
281.0,2011.0,158189.0,4.6,4.0,2.0,4.0,Tesla,Manual,electric,52037.55
306.0,2016.0,102531.0,1.3,2.0,4.0,2.0,Honda,Automatic,diesel,40435.6
238.0,2018.0,17755.0,1.3,2.0,1.0,2.0,Toyota,Manual,diesel,44278.25
177.0,2022.0,102531.0,2.0,2.0,3.0,2.0,Honda,Manual,diesel,44325.95
202.0,2016.0,111898.0,2.3,3.0,2.0,3.0,Hyundai,Automatic,electric,45085.1
200.0,2006.0,155214.0,3.2,2.0,1.0,2.0,Ford,Manual,hybrid,36191.3
284.0,2014.0,176866.0,2.9,2.0,4.0,2.0,Hyundai,Manual,hybrid,42257.7
179.0,2022.0,89390.0,4.4,4.0,4.0,4.0,Ford,Manual,electric,53926.5
219.0,2018.0,102531.0,4.9,2.0,4.0,2.0,Tesla,Manual,electric,57537.25
267.0,2021.0,120640.0,2.4,4.0,2.0,4.0,Ford,Manual,hybrid,51425.0
90.0,2020.0,47215.0,1.2,2.0,4.0,2.0,Tesla,Manual,electric,35089.25
260.0,2014.0,128168.0,3.0,4.0,4.0,4.0,Tesla,Manual,electric,44304.6
280.0,2011.0,55893.0,2.9,4.0,2.0,4.0,BMW,Automatic,petrol,46191.35
168.0,2014.0,167887.0,2.4,4.0,4.0,4.0,Ford,Manual,hybrid,39122.65
177.0,2018.0,56786.0,3.3,2.0,4.0,2.0,Tesla,Automatic,electric,47301.7
78.0,2015.0,85770.0,4.4,4.0,4.0,4.0,Honda,Automatic,diesel,43144.5
226.0,2005.0,102531.0,3.2,2.0,4.0,2.0,Ford,Manual,diesel,29112.7
243.0,2013.0,102531.0,3.0,2.0,1.0,2.0,Tesla,Manual,electric,50633.3
344.0,2014.0,5496.0,1.8,2.0,3.0,2.0,Honda,Automatic,electric,46507.2
214.0,2008.0,180536.0,1.7,2.0,3.0,2.0,Ford,Manual,electric,26968.2
255.0,2013.0,102531.0,4.3,3.0,4.0,3.0,Honda,Automatic,hybrid,54605.15
224.0,2020.0,175456.0,4.7,3.0,4.0,3.0,Honda,Manual,hybrid,53973.2
257.0,2015.0,52734.0,4.7,2.0,3.0,2.0,Hyundai,Automatic,hybrid,63508.3
226.0,2012.0,133022.0,2.7,2.0,4.0,2.0,Toyota,Manual,electric,37685.9
230.0,2022.0,79034.0,3.0,2.0,4.0,2.0,Honda,Manual,electric,64624.3
226.0,2021.0,147954.0,2.3,4.0,1.0,4.0,Toyota,Automatic,hybrid,42277.3
76.0,2007.0,33690.0,1.6,4.0,3.0,4.0,Tesla,Manual,electric,30161.5
230.0,2017.0,50510.0,1.7,2.0,3.0,2.0,Honda,Manual,diesel,40603.5
226.0,2008.0,172893.0,3.0,2.0,4.0,2.0,Ford,Manual,petrol,45504.35
332.0,2012.0,118884.0,3.3,2.0,2.0,2.0,Tesla,Manual,electric,51172.8
370.0,2017.0,102531.0,4.2,2.0,4.0,2.0,BMW,Manual,electric,66138.15
257.0,2010.0,5036.0,1.4,2.0,4.0,2.0,Hyundai,Automatic,hybrid,36881.2
110.0,2005.0,96627.0,2.7,3.0,2.0,3.0,Tesla,Manual,electric,31533.65
334.0,2022.0,102531.0,3.0,4.0,1.0,4.0,Honda,Automatic,electric,69079.3
345.0,2014.0,151903.0,3.0,3.0,4.0,3.0,Ford,Automatic,diesel,42538.85
340.0,2008.0,102531.0,2.6,3.0,3.0,3.0,Ford,Manual,hybrid,43549.45
257.0,2014.0,28572.0,3.1,2.0,2.0,2.0,Hyundai,Automatic,diesel,41073.4
226.0,2017.0,44199.0,3.7,3.0,4.0,3.0,Toyota,Manual,petrol,50229.05
252.0,2010.0,102531.0,3.8,2.0,1.0,2.0,Tesla,Automatic,electric,52756.2
243.0,2016.0,18311.0,2.9,3.0,3.0,3.0,Tesla,Automatic,electric,48857.45
226.0,2014.0,174807.0,1.3,4.0,4.0,4.0,Ford,Automatic,diesel,41156.65
250.0,2012.0,102531.0,3.0,4.0,2.0,4.0,Toyota,Automatic,hybrid,47877.0
231.0,2014.0,102531.0,3.7,2.0,4.0,2.0,BMW,Manual,hybrid,56709.3
257.0,2006.0,197927.0,2.5,3.0,2.0,3.0,Hyundai,Automatic,electric,30140.65
237.0,2008.0,172720.0,2.5,2.0,3.0,2.0,Ford,Manual,diesel,33912.0
207.0,2008.0,102531.0,3.2,2.0,4.0,2.0,BMW,Automatic,diesel,44900.0
257.0,2012.0,107201.0,1.8,3.0,4.0,3.0,Hyundai,Manual,diesel,34078.95
226.0,2018.0,64155.0,2.9,3.0,4.0,3.0,Toyota,Automatic,hybrid,47365.25
243.0,2006.0,126716.0,3.4,2.0,1.0,2.0,Tesla,Manual,electric,49034.2
387.0,2006.0,102531.0,4.8,3.0,1.0,3.0,Tesla,Manual,electric,55442.85
376.0,2005.0,102531.0,1.7,4.0,3.0,4.0,Honda,Automatic,hybrid,39195.55
257.0,2013.0,126282.0,2.6,2.0,2.0,2.0,Hyundai,Manual,electric,38367.9
366.0,2012.0,150800.0,3.0,3.0,1.0,3.0,Ford,Automatic,hybrid,53026.0
102.0,2013.0,128971.0,3.9,2.0,2.0,2.0,BMW,Manual,hybrid,40283.45
178.0,2011.0,47678.0,2.6,2.0,4.0,2.0,Honda,Manual,diesel,43781.1
371.0,2015.0,106489.0,3.0,2.0,4.0,2.0,Ford,Automatic,petrol,56002.55
286.0,2006.0,80147.0,3.0,2.0,4.0,2.0,BMW,Automatic,petrol,39685.65
146.0,2014.0,88127.0,4.7,3.0,1.0,3.0,Hyundai,Automatic,hybrid,53910.65
226.0,2023.0,74487.0,3.5,2.0,2.0,2.0,Ford,Automatic,diesel,62032.65
90.0,2014.0,196911.0,3.8,4.0,2.0,4.0,Toyota,Automatic,electric,29777.45
226.0,2014.0,49458.0,2.5,2.0,2.0,2.0,Ford,Manual,electric,41434.1
231.0,2018.0,192266.0,1.4,2.0,4.0,2.0,BMW,Manual,diesel,36846.7
250.0,2006.0,127778.0,3.2,2.0,1.0,2.0,Toyota,Automatic,hybrid,41589.1
243.0,2014.0,122517.0,3.4,4.0,1.0,4.0,Tesla,Manual,electric,52386.15
218.0,2014.0,102531.0,3.0,2.0,4.0,2.0,Honda,Manual,petrol,44550.1
260.0,2023.0,177905.0,3.0,3.0,1.0,3.0,BMW,Automatic,diesel,49014.75
259.0,2016.0,153345.0,3.0,2.0,1.0,2.0,Toyota,Automatic,diesel,46112.75
203.0,2017.0,102531.0,3.3,2.0,3.0,2.0,BMW,Manual,diesel,48685.65
147.0,2014.0,12032.0,2.8,3.0,3.0,3.0,Toyota,Automatic,electric,51131.4
347.0,2008.0,71957.0,3.0,3.0,2.0,3.0,Tesla,Manual,electric,41151.15
385.0,2014.0,164156.0,3.0,2.0,4.0,2.0,Toyota,Automatic,hybrid,40812.2
253.0,2014.0,134188.0,5.0,3.0,4.0,3.0,Tesla,Manual,electric,58698.6
310.0,2014.0,120400.0,3.8,2.0,4.0,2.0,Honda,Manual,petrol,48267.0
252.0,2014.0,102531.0,1.1,3.0,2.0,3.0,Tesla,Automatic,electric,42532.65
243.0,2007.0,181443.0,3.3,2.0,1.0,2.0,Tesla,Manual,electric,30346.85
230.0,2013.0,145073.0,3.3,2.0,2.0,2.0,Honda,Manual,petrol,44101.35
316.0,2014.0,102531.0,2.0,4.0,4.0,4.0,Hyundai,Automatic,hybrid,40172.9
280.0,2014.0,76667.0,3.7,2.0,4.0,2.0,Tesla,Automatic,electric,48318.65
182.0,2014.0,121189.0,4.3,2.0,2.0,2.0,Ford,Manual,diesel,50977.55
205.0,2014.0,176890.0,4.9,4.0,1.0,4.0,Ford,Automatic,hybrid,52670.5
79.0,2009.0,148181.0,3.0,2.0,1.0,2.0,Hyundai,Automatic,electric,25540.95
297.0,2019.0,87806.0,3.0,3.0,2.0,3.0,Toyota,Automatic,diesel,55973.7
259.0,2014.0,134198.0,4.9,4.0,1.0,4.0,Ford,Manual,petrol,57929.1
230.0,2023.0,166637.0,3.2,3.0,4.0,3.0,Honda,Automatic,electric,47503.15
243.0,2008.0,193057.0,1.3,3.0,3.0,3.0,Tesla,Automatic,electric,21525.15
230.0,2014.0,149735.0,3.5,4.0,4.0,4.0,Honda,Manual,diesel,42775.25
259.0,2021.0,111565.0,3.8,2.0,1.0,2.0,Tesla,Manual,electric,56841.75
231.0,2020.0,60654.0,2.0,2.0,2.0,2.0,BMW,Manual,petrol,42248.3
230.0,2014.0,88071.0,3.0,4.0,2.0,4.0,Honda,Automatic,electric,55149.45
346.0,2016.0,26381.0,3.0,4.0,3.0,4.0,Honda,Manual,diesel,58052.95
235.0,2017.0,102531.0,1.6,2.0,4.0,2.0,Ford,Automatic,electric,39684.9
341.0,2017.0,196791.0,4.8,3.0,2.0,3.0,Tesla,Manual,electric,57964.45
266.0,2014.0,168944.0,3.5,4.0,4.0,4.0,Honda,Manual,diesel,41296.8
152.0,2014.0,162826.0,3.0,4.0,3.0,4.0,Tesla,Manual,electric,50014.7
271.0,2014.0,102531.0,2.2,3.0,4.0,3.0,BMW,Automatic,diesel,32128.550000000003
288.0,2023.0,148285.0,4.6,2.0,4.0,2.0,Tesla,Manual,electric,59302.75
372.0,2014.0,66596.0,3.8,2.0,2.0,2.0,BMW,Manual,petrol,53931.2
146.0,2011.0,102531.0,3.0,2.0,4.0,2.0,BMW,Manual,electric,28267.050000000003
137.0,2011.0,33451.0,4.7,3.0,2.0,3.0,Hyundai,Manual,diesel,53152.45
83.0,2008.0,102531.0,3.0,2.0,4.0,2.0,Tesla,Automatic,electric,40158.0
132.0,2012.0,102531.0,3.0,3.0,1.0,3.0,Tesla,Automatic,electric,33548.1
154.0,2011.0,159529.0,2.3,4.0,4.0,4.0,Toyota,Automatic,electric,33089.55
226.0,2014.0,60006.0,4.9,3.0,3.0,3.0,Toyota,Manual,hybrid,64192.7
226.0,2014.0,82108.0,3.0,4.0,2.0,4.0,Ford,Manual,electric,40493.6
247.0,2015.0,61697.0,1.9,2.0,3.0,2.0,Hyundai,Manual,diesel,44931.15
230.0,2017.0,29741.0,1.6,3.0,1.0,3.0,Tesla,Manual,electric,47972.95
150.0,2013.0,189983.0,4.9,2.0,3.0,2.0,Toyota,Automatic,diesel,47514.85
171.0,2014.0,181554.0,1.2,3.0,1.0,3.0,Toyota,Manual,hybrid,28432.3
276.0,2014.0,48744.0,4.1,3.0,1.0,3.0,Honda,Manual,petrol,57722.8
300.0,2014.0,76240.0,3.7,2.0,1.0,2.0,Toyota,Automatic,hybrid,53757.0
226.0,2010.0,137826.0,3.8,3.0,2.0,3.0,Toyota,Automatic,diesel,49262.7
283.0,2017.0,193883.0,3.0,2.0,3.0,2.0,Tesla,Automatic,electric,50048.85
305.0,2020.0,71249.0,4.4,2.0,4.0,2.0,Toyota,Automatic,hybrid,59519.55
296.0,2011.0,132219.0,3.0,3.0,1.0,3.0,Hyundai,Automatic,hybrid,58498.05
114.0,2010.0,65071.0,2.3,2.0,1.0,2.0,BMW,Automatic,hybrid,39731.45
231.0,2022.0,102531.0,1.6,2.0,1.0,2.0,BMW,Manual,diesel,54183.45
257.0,2005.0,102531.0,2.0,3.0,1.0,3.0,Hyundai,Automatic,petrol,30955.0
213.0,2012.0,58811.0,3.3,2.0,4.0,2.0,Tesla,Manual,electric,48558.45
226.0,2009.0,143761.0,2.0,2.0,4.0,2.0,Ford,Manual,hybrid,36706.95
272.0,2021.0,118766.0,3.6,3.0,1.0,3.0,Toyota,Automatic,diesel,57016.7
349.0,2020.0,177026.0,3.9,2.0,3.0,2.0,Ford,Automatic,hybrid,57487.7
276.0,2014.0,67643.0,3.9,2.0,4.0,2.0,Hyundai,Automatic,petrol,51626.85
387.0,2005.0,131417.0,1.6,4.0,4.0,4.0,Hyundai,Automatic,diesel,34816.15
261.0,2016.0,186004.0,3.0,2.0,4.0,2.0,BMW,Manual,electric,52889.8
92.0,2013.0,102531.0,3.0,4.0,2.0,4.0,BMW,Manual,electric,45612.8
326.0,2014.0,128152.0,2.6,4.0,3.0,4.0,Honda,Manual,hybrid,38483.4
164.0,2020.0,86406.0,2.2,2.0,3.0,2.0,Honda,Manual,diesel,44544.7
203.0,2015.0,137631.0,1.6,4.0,1.0,4.0,Tesla,Manual,electric,38232.45
230.0,2014.0,173161.0,4.6,2.0,4.0,2.0,Honda,Manual,electric,56640.95
99.0,2018.0,124107.0,2.3,2.0,3.0,2.0,Hyundai,Automatic,diesel,39775.65
226.0,2009.0,5916.0,4.0,2.0,2.0,2.0,Ford,Automatic,electric,53576.2
382.0,2014.0,102531.0,3.9,2.0,4.0,2.0,Honda,Manual,hybrid,56289.6
231.0,2008.0,102531.0,2.4,2.0,1.0,2.0,BMW,Automatic,petrol,43693.7
179.0,2015.0,176210.0,1.3,2.0,4.0,2.0,Toyota,Manual,electric,33226.5
100.0,2009.0,102531.0,1.0,2.0,4.0,2.0,Hyundai,Automatic,diesel,31065.550000000003
231.0,2022.0,145508.0,3.0,4.0,4.0,4.0,BMW,Manual,diesel,47366.6
226.0,2012.0,147326.0,1.4,2.0,2.0,2.0,Ford,Automatic,electric,27454.7
398.0,2014.0,92122.0,3.0,2.0,4.0,2.0,Hyundai,Automatic,electric,40185.9
257.0,2020.0,102531.0,4.0,3.0,3.0,3.0,Hyundai,Automatic,electric,58699.35
172.0,2017.0,163279.0,2.4,4.0,4.0,4.0,Hyundai,Manual,hybrid,41607.05
304.0,2014.0,111311.0,1.2,4.0,4.0,4.0,Hyundai,Manual,diesel,38154.45
167.0,2013.0,135417.0,2.5,2.0,4.0,2.0,BMW,Automatic,electric,35237.15
253.0,2008.0,97680.0,3.0,2.0,4.0,2.0,Tesla,Automatic,electric,34582.0
354.0,2007.0,102531.0,5.0,3.0,2.0,3.0,Tesla,Manual,electric,55241.35
278.0,2011.0,128777.0,3.0,4.0,4.0,4.0,Honda,Automatic,diesel,44711.15
131.0,2022.0,148572.0,3.0,2.0,1.0,2.0,BMW,Manual,electric,47973.4
87.0,2013.0,150720.0,2.4,2.0,1.0,2.0,Tesla,Automatic,electric,35358.0
257.0,2023.0,102531.0,4.8,2.0,4.0,2.0,Hyundai,Manual,diesel,63551.95
243.0,2014.0,102531.0,2.4,2.0,3.0,2.0,Tesla,Manual,electric,47476.55
231.0,2013.0,102531.0,4.0,2.0,4.0,2.0,BMW,Manual,electric,48574.0
226.0,2020.0,161359.0,3.5,4.0,4.0,4.0,Toyota,Manual,electric,52449.05
338.0,2020.0,114071.0,3.0,2.0,3.0,2.0,Tesla,Manual,electric,56675.45
243.0,2013.0,185249.0,4.2,4.0,1.0,4.0,Tesla,Automatic,electric,49620.55
73.0,2022.0,83506.0,4.0,3.0,1.0,3.0,Tesla,Manual,electric,53190.7
286.0,2018.0,158014.0,2.4,3.0,1.0,3.0,Toyota,Manual,electric,49610.3
257.0,2006.0,58380.0,2.1,2.0,2.0,2.0,Hyundai,Automatic,diesel,29216.0
257.0,2021.0,30595.0,3.5,4.0,4.0,4.0,Hyundai,Manual,petrol,54949.25
317.0,2014.0,71540.0,1.0,3.0,1.0,3.0,Tesla,Automatic,electric,40862.0
257.0,2014.0,160794.0,3.8,2.0,2.0,2.0,Hyundai,Automatic,hybrid,36860.3
85.0,2020.0,64052.0,4.0,2.0,2.0,2.0,Honda,Automatic,hybrid,53795.4
218.0,2014.0,84993.0,1.5,2.0,1.0,2.0,BMW,Manual,hybrid,41386.35
226.0,2014.0,150980.0,3.7,4.0,3.0,4.0,Toyota,Manual,electric,51074.0
304.0,2016.0,136637.0,1.5,2.0,4.0,2.0,Ford,Automatic,diesel,40295.15
121.0,2014.0,88551.0,2.1,4.0,1.0,4.0,Hyundai,Manual,diesel,41948.45
135.0,2014.0,91576.0,4.3,3.0,4.0,3.0,Honda,Automatic,petrol,41275.2
230.0,2019.0,43619.0,3.0,2.0,3.0,2.0,Honda,Manual,electric,53787.05
191.0,2012.0,102531.0,3.4,4.0,2.0,4.0,Tesla,Automatic,electric,41880.65
180.0,2014.0,172499.0,1.9,2.0,4.0,2.0,Toyota,Manual,hybrid,28026.05
283.0,2014.0,34960.0,2.3,3.0,4.0,3.0,Hyundai,Automatic,diesel,48371.0
230.0,2012.0,138909.0,3.0,3.0,4.0,3.0,Honda,Manual,petrol,45510.55
254.0,2014.0,129579.0,3.3,3.0,4.0,3.0,Tesla,Manual,electric,49002.05
368.0,2014.0,52573.0,4.4,3.0,4.0,3.0,Tesla,Automatic,electric,60818.350000000006
82.0,2014.0,102531.0,2.6,4.0,4.0,4.0,Honda,Automatic,electric,43660.4
98.0,2020.0,101496.0,3.0,4.0,1.0,4.0,Hyundai,Automatic,diesel,36028.2
284.0,2014.0,86214.0,1.3,2.0,4.0,2.0,Hyundai,Automatic,diesel,42909.3
191.0,2014.0,102531.0,2.5,3.0,4.0,3.0,Hyundai,Manual,hybrid,34200.5
243.0,2014.0,102531.0,3.0,4.0,4.0,4.0,Tesla,Manual,electric,51883.4
194.0,2006.0,38001.0,4.6,4.0,4.0,4.0,Tesla,Manual,electric,47636.95
345.0,2014.0,50798.0,1.3,2.0,4.0,2.0,BMW,Automatic,hybrid,50307.1
226.0,2014.0,143518.0,3.0,2.0,1.0,2.0,BMW,Automatic,petrol,48386.1
230.0,2014.0,25344.0,4.9,2.0,4.0,2.0,Honda,Manual,petrol,58700.8
156.0,2014.0,106490.0,3.0,3.0,4.0,3.0,Hyundai,Manual,electric,32178.5
226.0,2005.0,102531.0,1.4,2.0,2.0,2.0,Toyota,Automatic,electric,34863.3
72.0,2014.0,77594.0,2.0,2.0,3.0,2.0,Honda,Automatic,electric,35679.3
230.0,2012.0,179942.0,2.7,2.0,2.0,2.0,Honda,Automatic,electric,39621.9
153.0,2007.0,190041.0,2.0,2.0,3.0,2.0,Hyundai,Manual,electric,29690.95
134.0,2013.0,113144.0,3.0,4.0,4.0,4.0,Tesla,Automatic,electric,31025.800000000003
191.0,2014.0,62893.0,3.0,3.0,4.0,3.0,Ford,Automatic,petrol,56563.35
260.0,2015.0,40561.0,1.3,2.0,4.0,2.0,Tesla,Automatic,electric,40643.95
207.0,2013.0,71333.0,2.0,2.0,3.0,2.0,Honda,Manual,diesel,38004.35
343.0,2022.0,42136.0,4.7,3.0,4.0,3.0,BMW,Automatic,electric,66001.2
200.0,2016.0,102531.0,3.0,2.0,3.0,2.0,Toyota,Automatic,petrol,49124.25
304.0,2009.0,148452.0,3.2,2.0,2.0,2.0,Honda,Automatic,petrol,43282.4
391.0,2021.0,75467.0,1.7,2.0,2.0,2.0,Toyota,Automatic,electric,52187.65
226.0,2021.0,58251.0,3.0,2.0,3.0,2.0,Toyota,Manual,electric,56728.45
226.0,2007.0,71920.0,3.0,4.0,3.0,4.0,Toyota,Automatic,hybrid,52891.0
228.0,2014.0,135621.0,1.3,4.0,2.0,4.0,Ford,Automatic,hybrid,41973.95
328.0,2011.0,102531.0,3.8,2.0,4.0,2.0,Honda,Automatic,diesel,48221.85
231.0,2017.0,134560.0,2.1,4.0,3.0,4.0,BMW,Automatic,electric,46809.0
243.0,2014.0,6789.0,3.5,4.0,2.0,4.0,Tesla,Automatic,electric,57585.55
225.0,2009.0,102531.0,2.2,2.0,1.0,2.0,BMW,Manual,petrol,43191.45
151.0,2009.0,102531.0,3.3,4.0,1.0,4.0,Honda,Automatic,petrol,41580.15
262.0,2017.0,47299.0,3.7,4.0,4.0,4.0,Tesla,Automatic,electric,59780.05
340.0,2014.0,102531.0,4.2,4.0,4.0,4.0,Honda,Manual,electric,51459.8
124.0,2020.0,73232.0,3.0,2.0,1.0,2.0,Ford,Manual,diesel,49109.4
279.0,2014.0,36541.0,3.0,3.0,1.0,3.0,Tesla,Manual,electric,53309.95
226.0,2007.0,34381.0,2.9,2.0,4.0,2.0,Ford,Automatic,electric,44152.95
218.0,2008.0,93263.0,2.0,2.0,4.0,2.0,BMW,Manual,hybrid,39367.85
185.0,2014.0,149916.0,4.3,2.0,1.0,2.0,Honda,Manual,petrol,50371.2
164.0,2014.0,61911.0,2.7,4.0,4.0,4.0,Tesla,Automatic,electric,49608.45
212.0,2022.0,119915.0,3.5,2.0,3.0,2.0,Toyota,Automatic,electric,49731.25
231.0,2014.0,148684.0,2.3,2.0,3.0,2.0,BMW,Manual,hybrid,34517.8
164.0,2014.0,23756.0,3.4,4.0,4.0,4.0,Hyundai,Manual,diesel,42864.2
243.0,2023.0,102531.0,1.6,3.0,2.0,3.0,Tesla,Automatic,electric,41175.4
369.0,2017.0,164011.0,3.3,2.0,1.0,2.0,Hyundai,Manual,petrol,55410.45
226.0,2014.0,114384.0,3.5,3.0,1.0,3.0,Ford,Manual,petrol,59195.8
75.0,2014.0,102531.0,3.0,2.0,1.0,2.0,Tesla,Automatic,electric,41122.55
119.0,2014.0,196168.0,1.7,2.0,1.0,2.0,Tesla,Automatic,electric,26542.6
100.0,2011.0,178108.0,1.6,2.0,4.0,2.0,Ford,Manual,petrol,29023.6
376.0,2008.0,98562.0,4.5,2.0,2.0,2.0,Ford,Manual,petrol,56582.9
270.0,2021.0,112460.0,1.8,2.0,4.0,2.0,Ford,Manual,petrol,45123.0
203.0,2014.0,22939.0,1.8,2.0,3.0,2.0,Ford,Manual,hybrid,46805.05
101.0,2017.0,134958.0,3.0,2.0,4.0,2.0,Hyundai,Automatic,petrol,33798.1
181.0,2008.0,108069.0,3.7,2.0,4.0,2.0,BMW,Manual,petrol,41675.55
390.0,2014.0,134380.0,2.6,3.0,1.0,3.0,Honda,Automatic,electric,59036.0
395.0,2021.0,122419.0,3.4,3.0,4.0,3.0,Honda,Manual,hybrid,61660.05
231.0,2014.0,78168.0,2.6,4.0,4.0,4.0,BMW,Manual,hybrid,41088.6
105.0,2009.0,41943.0,1.4,2.0,2.0,2.0,Ford,Manual,electric,33344.85
202.0,2013.0,24924.0,3.0,2.0,4.0,2.0,Tesla,Manual,electric,40338.8
196.0,2015.0,102531.0,3.8,3.0,1.0,3.0,BMW,Manual,petrol,53738.2
77.0,2007.0,21911.0,3.6,2.0,1.0,2.0,BMW,Automatic,petrol,41790.45
186.0,2014.0,124502.0,1.8,4.0,2.0,4.0,Ford,Automatic,electric,33986.9
124.0,2018.0,125938.0,3.8,2.0,1.0,2.0,Toyota,Automatic,diesel,47531.1
255.0,2014.0,9722.0,1.6,4.0,2.0,4.0,Tesla,Automatic,electric,38109.9
284.0,2012.0,139819.0,3.4,4.0,1.0,4.0,Hyundai,Manual,petrol,47693.05
311.0,2022.0,185458.0,3.0,2.0,4.0,2.0,Hyundai,Manual,petrol,42536.1
343.0,2014.0,72445.0,1.9,2.0,4.0,2.0,BMW,Manual,petrol,50479.75
374.0,2009.0,102531.0,4.0,2.0,4.0,2.0,Toyota,Manual,electric,50036.1
388.0,2014.0,102531.0,2.7,3.0,4.0,3.0,Honda,Automatic,diesel,55575.25
257.0,2014.0,56455.0,3.0,2.0,4.0,2.0,Hyundai,Automatic,electric,37840.25
226.0,2014.0,102531.0,2.8,4.0,2.0,4.0,Ford,Automatic,electric,53673.65
230.0,2022.0,190221.0,3.0,2.0,4.0,2.0,Honda,Manual,petrol,41326.95
286.0,2023.0,99024.0,1.9,2.0,4.0,2.0,Honda,Manual,electric,48859.8
257.0,2014.0,102531.0,3.3,2.0,4.0,2.0,Hyundai,Automatic,petrol,42255.15
305.0,2016.0,193088.0,1.3,4.0,4.0,4.0,BMW,Manual,petrol,34422.6
268.0,2014.0,102531.0,1.1,4.0,4.0,4.0,Honda,Manual,hybrid,31959.9
243.0,2005.0,180746.0,3.0,4.0,2.0,4.0,Tesla,Manual,electric,42015.7
201.0,2014.0,102531.0,3.0,2.0,4.0,2.0,BMW,Manual,hybrid,40777.45
346.0,2014.0,112334.0,3.5,4.0,1.0,4.0,Ford,Automatic,electric,45435.3
270.0,2014.0,45409.0,3.3,3.0,1.0,3.0,Honda,Automatic,petrol,45886.55
119.0,2014.0,176963.0,3.0,2.0,3.0,2.0,Toyota,Automatic,petrol,40419.85
201.0,2014.0,84415.0,3.0,4.0,1.0,4.0,Toyota,Automatic,electric,37889.25
143.0,2013.0,147394.0,2.8,4.0,1.0,4.0,Honda,Manual,electric,37313.3
230.0,2010.0,83210.0,4.2,2.0,2.0,2.0,Honda,Manual,hybrid,58232.5
231.0,2013.0,53591.0,3.0,2.0,2.0,2.0,BMW,Manual,petrol,55565.45
79.0,2006.0,12436.0,2.2,2.0,4.0,2.0,Toyota,Manual,hybrid,28828.2
375.0,2014.0,102531.0,3.0,2.0,4.0,2.0,Ford,Manual,hybrid,40165.9
324.0,2016.0,75765.0,3.0,2.0,4.0,2.0,BMW,Automatic,diesel,61594.75
133.0,2023.0,134858.0,4.9,3.0,1.0,3.0,Honda,Automatic,petrol,59732.1
95.0,2023.0,170051.0,3.0,2.0,3.0,2.0,Ford,Manual,electric,48773.45
100.0,2015.0,197593.0,3.5,4.0,4.0,4.0,Tesla,Manual,electric,41642.35
221.0,2014.0,36568.0,2.3,2.0,2.0,2.0,Honda,Manual,petrol,45506.6
115.0,2022.0,96891.0,1.7,2.0,3.0,2.0,Tesla,Manual,electric,42696.45
384.0,2014.0,28212.0,1.2,3.0,2.0,3.0,BMW,Automatic,electric,53642.4
328.0,2013.0,136708.0,3.0,4.0,4.0,4.0,Ford,Automatic,diesel,46935.6
226.0,2022.0,42271.0,2.4,2.0,1.0,2.0,Toyota,Manual,electric,46737.45
229.0,2012.0,39600.0,1.5,2.0,4.0,2.0,Toyota,Automatic,electric,36484.0
78.0,2014.0,52367.0,1.5,2.0,4.0,2.0,Honda,Automatic,petrol,37139.65
226.0,2014.0,133156.0,3.0,2.0,3.0,2.0,Toyota,Manual,petrol,26378.2
198.0,2020.0,102531.0,1.3,3.0,4.0,3.0,BMW,Manual,electric,42130.8
310.0,2010.0,116301.0,1.9,3.0,4.0,3.0,Toyota,Manual,diesel,41450.95
114.0,2013.0,102911.0,3.7,2.0,2.0,2.0,Honda,Automatic,petrol,44183.45
231.0,2014.0,102531.0,3.3,2.0,1.0,2.0,BMW,Manual,electric,39454.6
272.0,2018.0,107320.0,2.4,4.0,4.0,4.0,Toyota,Automatic,diesel,44564.0
314.0,2014.0,126173.0,4.6,2.0,4.0,2.0,Toyota,Automatic,petrol,59934.35
121.0,2020.0,25372.0,1.4,2.0,2.0,2.0,Tesla,Manual,electric,39066.4
230.0,2005.0,94792.0,3.6,4.0,1.0,4.0,Honda,Automatic,electric,44801.4
231.0,2019.0,91268.0,2.7,2.0,2.0,2.0,BMW,Automatic,petrol,47897.6
113.0,2007.0,102531.0,3.0,2.0,2.0,2.0,Tesla,Manual,electric,27123.6
72.0,2019.0,40497.0,3.2,4.0,4.0,4.0,Toyota,Manual,petrol,47024.15
79.0,2013.0,102531.0,2.8,3.0,3.0,3.0,Toyota,Manual,diesel,39713.5
230.0,2017.0,102531.0,3.0,2.0,2.0,2.0,Honda,Automatic,hybrid,45462.2
322.0,2014.0,108088.0,1.5,4.0,1.0,4.0,Honda,Automatic,hybrid,50673.6
200.0,2013.0,102531.0,2.0,3.0,1.0,3.0,Tesla,Automatic,electric,36653.65
135.0,2014.0,75880.0,4.4,3.0,2.0,3.0,Ford,Automatic,electric,53634.0
359.0,2008.0,163818.0,3.0,3.0,2.0,3.0,Hyundai,Manual,hybrid,35831.1
227.0,2012.0,102531.0,4.4,3.0,4.0,3.0,Honda,Manual,diesel,50799.45
288.0,2014.0,84164.0,3.0,3.0,4.0,3.0,BMW,Manual,diesel,46357.8
340.0,2009.0,42905.0,2.4,4.0,2.0,4.0,Honda,Manual,petrol,47188.75
226.0,2016.0,62450.0,1.7,2.0,1.0,2.0,Ford,Automatic,petrol,56037.5
181.0,2014.0,165477.0,3.2,2.0,1.0,2.0,Honda,Automatic,petrol,48374.15
243.0,2011.0,102531.0,4.8,2.0,3.0,2.0,Tesla,Manual,electric,63253.2
323.0,2014.0,20522.0,2.9,2.0,4.0,2.0,Tesla,Automatic,electric,54452.9
364.0,2014.0,30457.0,1.2,4.0,3.0,4.0,BMW,Manual,diesel,42125.15
74.0,2005.0,102531.0,3.5,4.0,1.0,4.0,Ford,Automatic,electric,36102.05
243.0,2021.0,102531.0,3.0,2.0,4.0,2.0,Tesla,Automatic,electric,54666.1
366.0,2014.0,16292.0,4.4,3.0,4.0,3.0,Honda,Manual,petrol,59741.4
331.0,2017.0,55385.0,1.4,3.0,3.0,3.0,Ford,Manual,diesel,49907.75
243.0,2011.0,102531.0,3.0,3.0,2.0,3.0,Tesla,Automatic,electric,49724.1
117.0,2014.0,51648.0,3.4,2.0,1.0,2.0,BMW,Automatic,electric,41489.6
377.0,2014.0,29142.0,1.0,2.0,4.0,2.0,Hyundai,Automatic,petrol,44964.9
376.0,2015.0,35653.0,1.1,2.0,1.0,2.0,Toyota,Automatic,electric,50629.35
82.0,2014.0,102531.0,3.4,3.0,4.0,3.0,Tesla,Automatic,electric,36892.15
176.0,2008.0,140374.0,2.5,4.0,2.0,4.0,BMW,Automatic,diesel,36021.3
274.0,2014.0,44218.0,3.5,4.0,4.0,4.0,Hyundai,Automatic,diesel,45685.1
332.0,2014.0,102531.0,2.4,2.0,3.0,2.0,Honda,Automatic,diesel,42303.2
389.0,2021.0,116654.0,1.5,4.0,2.0,4.0,Honda,Automatic,diesel,54331.3
359.0,2022.0,198475.0,5.0,4.0,2.0,4.0,Ford,Automatic,electric,65206.25
271.0,2007.0,78535.0,3.7,2.0,4.0,2.0,Hyundai,Manual,diesel,46273.25
242.0,2014.0,102531.0,1.9,2.0,2.0,2.0,Honda,Automatic,hybrid,45163.9
337.0,2015.0,118135.0,1.9,2.0,1.0,2.0,Ford,Automatic,petrol,45017.25
87.0,2013.0,27024.0,3.0,3.0,4.0,3.0,Honda,Automatic,diesel,43669.8
297.0,2014.0,115290.0,3.7,4.0,1.0,4.0,Tesla,Manual,electric,50113.5
289.0,2014.0,69610.0,3.8,2.0,3.0,2.0,Toyota,Automatic,diesel,54177.5
222.0,2007.0,102531.0,3.4,2.0,3.0,2.0,Tesla,Manual,electric,37147.25
339.0,2014.0,77959.0,2.2,4.0,4.0,4.0,BMW,Automatic,diesel,46810.05
99.0,2009.0,137574.0,4.0,3.0,3.0,3.0,Tesla,Automatic,electric,39997.3
171.0,2014.0,59796.0,3.6,2.0,2.0,2.0,Honda,Manual,electric,54806.2
221.0,2014.0,102531.0,3.0,4.0,3.0,4.0,Toyota,Automatic,hybrid,53860.4
87.0,2013.0,33024.0,1.7,2.0,4.0,2.0,Hyundai,Manual,diesel,35377.8
170.0,2014.0,72507.0,1.7,4.0,4.0,4.0,Honda,Manual,petrol,38504.65
231.0,2023.0,134632.0,3.5,3.0,4.0,3.0,BMW,Automatic,petrol,57872.4
230.0,2014.0,16528.0,3.0,2.0,3.0,2.0,Honda,Automatic,diesel,46225.6
237.0,2014.0,106334.0,4.8,2.0,3.0,2.0,Ford,Automatic,hybrid,53066.3
296.0,2017.0,56529.0,2.6,4.0,2.0,4.0,Ford,Automatic,hybrid,55467.55
198.0,2014.0,33810.0,1.5,4.0,4.0,4.0,Honda,Automatic,hybrid,34045.5
142.0,2012.0,102531.0,3.0,2.0,4.0,2.0,Ford,Automatic,hybrid,51962.4
218.0,2010.0,102531.0,2.1,4.0,3.0,4.0,Ford,Manual,petrol,39456.0
184.0,2014.0,102531.0,1.9,2.0,3.0,2.0,Hyundai,Manual,petrol,33949.95
109.0,2014.0,102531.0,3.2,3.0,1.0,3.0,Tesla,Automatic,electric,33105.7
94.0,2015.0,172731.0,1.3,3.0,1.0,3.0,Toyota,Automatic,petrol,26880.45
394.0,2023.0,143579.0,3.0,3.0,1.0,3.0,BMW,Manual,diesel,64511.05
341.0,2005.0,193104.0,3.4,2.0,1.0,2.0,Ford,Manual,electric,43533.8
257.0,2017.0,37833.0,3.8,2.0,1.0,2.0,Hyundai,Automatic,hybrid,60252.35
332.0,2014.0,102531.0,2.8,4.0,4.0,4.0,Toyota,Manual,hybrid,43094.5
323.0,2014.0,102531.0,3.0,4.0,1.0,4.0,Tesla,Automatic,electric,56208.75
312.0,2011.0,102531.0,3.2,2.0,4.0,2.0,Tesla,Manual,electric,43998.95
243.0,2012.0,73447.0,1.7,2.0,1.0,2.0,Tesla,Automatic,electric,42104.65
231.0,2014.0,15207.0,1.7,2.0,4.0,2.0,BMW,Automatic,diesel,31205.65
226.0,2006.0,9023.0,3.8,3.0,4.0,3.0,Toyota,Manual,diesel,53773.85
323.0,2022.0,59304.0,3.0,3.0,3.0,3.0,BMW,Automatic,hybrid,61175.8
243.0,2020.0,22772.0,2.1,4.0,4.0,4.0,Hyundai,Manual,petrol,47440.4
226.0,2007.0,131244.0,3.6,2.0,4.0,2.0,Ford,Automatic,diesel,41454.8
311.0,2010.0,73304.0,3.0,3.0,3.0,3.0,Ford,Automatic,electric,52852.8
230.0,2008.0,85857.0,2.6,2.0,1.0,2.0,Honda,Automatic,hybrid,45406.15
230.0,2014.0,136436.0,3.0,2.0,2.0,2.0,Honda,Manual,hybrid,44784.2
234.0,2014.0,22529.0,3.0,2.0,4.0,2.0,BMW,Automatic,hybrid,50875.55
226.0,2005.0,72850.0,4.0,2.0,4.0,2.0,Ford,Automatic,electric,39050.5
202.0,2011.0,19026.0,1.4,2.0,2.0,2.0,BMW,Automatic,diesel,37714.7
316.0,2011.0,127640.0,2.5,4.0,3.0,4.0,BMW,Automatic,hybrid,46281.0
343.0,2014.0,135288.0,2.4,4.0,4.0,4.0,Hyundai,Manual,hybrid,43850.6
70.0,2022.0,53624.0,3.2,2.0,1.0,2.0,Tesla,Manual,electric,49778.8
243.0,2016.0,102531.0,1.4,3.0,4.0,3.0,Tesla,Manual,electric,36202.1
189.0,2014.0,192486.0,3.0,4.0,4.0,4.0,BMW,Automatic,electric,37707.7
131.0,2021.0,45644.0,1.2,2.0,4.0,2.0,Ford,Automatic,electric,41225.8
243.0,2014.0,196758.0,3.0,2.0,4.0,2.0,Tesla,Automatic,electric,39902.1
314.0,2009.0,55575.0,3.0,2.0,3.0,2.0,Tesla,Manual,electric,51605.25
257.0,2011.0,183554.0,4.9,2.0,1.0,2.0,Hyundai,Manual,petrol,50117.3
315.0,2022.0,107192.0,4.1,2.0,2.0,2.0,Toyota,Automatic,petrol,62966.4
366.0,2014.0,119310.0,3.0,2.0,1.0,2.0,Toyota,Automatic,electric,59447.5
287.0,2019.0,124217.0,4.7,4.0,4.0,4.0,Ford,Automatic,hybrid,59494.15
325.0,2010.0,102531.0,1.8,4.0,4.0,4.0,BMW,Automatic,diesel,41597.15
226.0,2005.0,102531.0,3.7,4.0,4.0,4.0,Ford,Manual,diesel,33267.05
93.0,2020.0,102531.0,1.8,3.0,1.0,3.0,BMW,Manual,electric,38409.7
157.0,2011.0,102531.0,1.5,2.0,1.0,2.0,Hyundai,Manual,electric,38057.55
173.0,2010.0,129121.0,4.5,3.0,4.0,3.0,Honda,Manual,petrol,48317.95
347.0,2015.0,147251.0,3.0,4.0,4.0,4.0,Honda,Automatic,diesel,42061.45
162.0,2014.0,63481.0,2.8,2.0,3.0,2.0,BMW,Manual,hybrid,47561.95
339.0,2014.0,184428.0,1.8,2.0,4.0,2.0,Ford,Automatic,diesel,35686.6
313.0,2014.0,102531.0,3.8,2.0,4.0,2.0,Hyundai,Automatic,diesel,47969.2
234.0,2011.0,85738.0,1.1,2.0,3.0,2.0,Honda,Manual,electric,34614.1
348.0,2013.0,102531.0,2.1,2.0,1.0,2.0,Hyundai,Automatic,hybrid,42871.0
171.0,2014.0,189156.0,4.1,2.0,2.0,2.0,Honda,Manual,hybrid,40078.2
329.0,2014.0,27414.0,3.3,2.0,1.0,2.0,BMW,Automatic,petrol,52070.3
257.0,2014.0,63830.0,1.3,4.0,3.0,4.0,Hyundai,Manual,diesel,44890.5
267.0,2014.0,7810.0,2.3,2.0,4.0,2.0,BMW,Manual,petrol,52140.5
86.0,2014.0,57132.0,2.9,3.0,4.0,3.0,Hyundai,Manual,diesel,42137.4
226.0,2017.0,11083.0,2.6,2.0,3.0,2.0,Toyota,Automatic,hybrid,53302.85
284.0,2014.0,11869.0,4.1,2.0,3.0,2.0,Ford,Manual,petrol,60961.55
303.0,2014.0,46340.0,4.9,3.0,2.0,3.0,Hyundai,Automatic,petrol,53865.0
138.0,2019.0,128182.0,3.0,4.0,3.0,4.0,Hyundai,Manual,electric,43316.9
257.0,2014.0,60479.0,2.5,2.0,4.0,2.0,Hyundai,Manual,electric,45690.05
156.0,2016.0,121047.0,3.7,4.0,1.0,4.0,Tesla,Manual,electric,46957.65
330.0,2014.0,102531.0,3.0,2.0,1.0,2.0,BMW,Automatic,petrol,55819.05
159.0,2009.0,148190.0,3.7,2.0,3.0,2.0,Honda,Automatic,hybrid,38127.5
387.0,2014.0,164423.0,2.7,3.0,2.0,3.0,Ford,Manual,electric,42166.85
335.0,2014.0,154229.0,3.3,2.0,3.0,2.0,Honda,Automatic,diesel,46847.55
257.0,2005.0,74224.0,3.2,2.0,4.0,2.0,Hyundai,Manual,diesel,51557.8
231.0,2014.0,98608.0,1.6,3.0,3.0,3.0,BMW,Automatic,hybrid,41162.6
105.0,2018.0,122907.0,3.7,2.0,1.0,2.0,BMW,Automatic,electric,47667.65
345.0,2014.0,190964.0,3.0,2.0,4.0,2.0,Toyota,Manual,petrol,50432.8
278.0,2014.0,86481.0,4.9,3.0,3.0,3.0,Honda,Automatic,diesel,61632.95
246.0,2018.0,30378.0,4.6,3.0,4.0,3.0,Ford,Manual,electric,57260.1
348.0,2019.0,102531.0,1.1,4.0,4.0,4.0,Hyundai,Manual,hybrid,43153.8
268.0,2014.0,189332.0,3.0,4.0,4.0,4.0,Tesla,Manual,electric,36941.4
185.0,2018.0,102531.0,4.6,4.0,3.0,4.0,Toyota,Automatic,electric,49388.15
388.0,2005.0,112211.0,1.7,2.0,1.0,2.0,Hyundai,Manual,hybrid,40246.45
322.0,2005.0,100852.0,4.3,2.0,4.0,2.0,Ford,Automatic,electric,52449.4
288.0,2014.0,84803.0,3.8,3.0,3.0,3.0,Ford,Automatic,petrol,52569.85
274.0,2014.0,102531.0,3.0,2.0,4.0,2.0,Toyota,Manual,diesel,48981.1
250.0,2014.0,115740.0,1.4,3.0,2.0,3.0,Honda,Manual,hybrid,40255.0
80.0,2015.0,124753.0,2.9,2.0,2.0,2.0,Hyundai,Manual,petrol,40167.35
136.0,2014.0,178790.0,4.6,4.0,2.0,4.0,Hyundai,Automatic,petrol,47885.5
144.0,2021.0,102531.0,4.0,2.0,4.0,2.0,Hyundai,Manual,diesel,46614.35
226.0,2009.0,100044.0,4.9,4.0,3.0,4.0,Ford,Manual,petrol,45173.8
86.0,2009.0,27394.0,3.0,3.0,3.0,3.0,Tesla,Automatic,electric,27034.3
160.0,2023.0,102531.0,2.5,4.0,1.0,4.0,Toyota,Automatic,diesel,53652.75
257.0,2007.0,102531.0,1.2,2.0,3.0,2.0,Hyundai,Automatic,petrol,37981.4
232.0,2015.0,73666.0,3.0,3.0,4.0,3.0,Toyota,Automatic,hybrid,47770.7
177.0,2007.0,193279.0,3.3,2.0,4.0,2.0,BMW,Manual,hybrid,30423.050000000003
83.0,2014.0,193874.0,4.2,3.0,2.0,3.0,Toyota,Automatic,electric,32255.300000000003
166.0,2006.0,179277.0,2.7,2.0,4.0,2.0,Toyota,Automatic,petrol,27336.15
278.0,2011.0,110338.0,4.6,3.0,1.0,3.0,Honda,Automatic,electric,54129.1
133.0,2011.0,193704.0,4.5,4.0,4.0,4.0,Honda,Automatic,hybrid,41306.8
155.0,2021.0,174845.0,4.6,2.0,4.0,2.0,BMW,Automatic,diesel,48205.75
376.0,2014.0,102531.0,1.4,3.0,1.0,3.0,Hyundai,Manual,electric,46684.2
265.0,2021.0,121481.0,3.0,2.0,1.0,2.0,Tesla,Automatic,electric,44144.95
93.0,2006.0,114935.0,4.5,2.0,2.0,2.0,Honda,Manual,diesel,40660.25
243.0,2014.0,199904.0,2.6,3.0,2.0,3.0,Tesla,Automatic,electric,40825.8
99.0,2014.0,144152.0,1.8,3.0,1.0,3.0,Ford,Manual,hybrid,29414.4
217.0,2014.0,158463.0,4.3,3.0,4.0,3.0,Toyota,Automatic,diesel,44945.85
139.0,2010.0,137955.0,1.2,4.0,4.0,4.0,Honda,Automatic,diesel,26078.25
230.0,2020.0,102531.0,1.9,2.0,4.0,2.0,Honda,Manual,petrol,56892.55
257.0,2008.0,15778.0,3.0,3.0,2.0,3.0,Hyundai,Manual,electric,49446.1
303.0,2014.0,149905.0,3.1,2.0,1.0,2.0,BMW,Manual,electric,47459.75
182.0,2005.0,18746.0,3.6,2.0,4.0,2.0,Honda,Automatic,electric,39564.7
360.0,2005.0,30104.0,1.7,2.0,2.0,2.0,Hyundai,Manual,electric,41288.8
119.0,2014.0,33546.0,3.0,4.0,2.0,4.0,BMW,Automatic,electric,39490.7
173.0,2014.0,16351.0,3.0,2.0,2.0,2.0,Ford,Automatic,electric,43754.45
148.0,2016.0,22920.0,2.8,3.0,3.0,3.0,Hyundai,Automatic,petrol,49007.0
165.0,2014.0,168030.0,2.0,4.0,4.0,4.0,Toyota,Automatic,electric,32798.5
230.0,2014.0,98608.0,3.1,4.0,4.0,4.0,Ford,Automatic,diesel,48564.6
152.0,2013.0,102531.0,3.3,3.0,3.0,3.0,Hyundai,Automatic,petrol,41111.3
238.0,2014.0,60186.0,3.3,2.0,4.0,2.0,Ford,Automatic,electric,41049.7
125.0,2009.0,102531.0,1.2,3.0,4.0,3.0,Ford,Manual,diesel,27778.4
204.0,2017.0,156967.0,3.3,4.0,4.0,4.0,Honda,Manual,electric,49682.65
104.0,2014.0,102531.0,1.9,3.0,2.0,3.0,BMW,Automatic,hybrid,28934.35
371.0,2014.0,133614.0,3.0,2.0,4.0,2.0,Toyota,Manual,electric,50566.3
230.0,2015.0,104767.0,2.5,4.0,4.0,4.0,Honda,Manual,diesel,41976.65
226.0,2013.0,78391.0,1.3,3.0,1.0,3.0,Ford,Automatic,diesel,39271.45
230.0,2014.0,24937.0,3.5,3.0,4.0,3.0,Honda,Automatic,electric,50944.15
311.0,2013.0,192197.0,1.4,2.0,4.0,2.0,Hyundai,Automatic,hybrid,37841.15
229.0,2014.0,7402.0,2.6,2.0,4.0,2.0,Tesla,Manual,electric,49320.9
263.0,2015.0,39112.0,3.0,4.0,1.0,4.0,Ford,Manual,diesel,52699.4
112.0,2016.0,102531.0,4.1,2.0,1.0,2.0,Toyota,Manual,petrol,48002.85
231.0,2023.0,116193.0,3.0,4.0,4.0,4.0,BMW,Manual,diesel,46974.35
226.0,2015.0,33460.0,4.2,2.0,2.0,2.0,Toyota,Automatic,electric,59881.0
70.0,2023.0,72428.0,5.0,4.0,4.0,4.0,Hyundai,Manual,petrol,53474.6
226.0,2014.0,126026.0,3.0,4.0,2.0,4.0,Ford,Manual,diesel,46832.7
319.0,2007.0,24797.0,4.1,4.0,4.0,4.0,BMW,Automatic,petrol,52751.15
161.0,2023.0,43598.0,3.0,2.0,4.0,2.0,Honda,Automatic,petrol,46896.1
367.0,2014.0,102531.0,1.1,4.0,1.0,4.0,Toyota,Automatic,petrol,43030.15
254.0,2006.0,82257.0,3.0,4.0,4.0,4.0,BMW,Automatic,hybrid,47835.15
257.0,2014.0,56248.0,4.5,3.0,2.0,3.0,Hyundai,Automatic,hybrid,63017.6
126.0,2014.0,140797.0,3.0,2.0,3.0,2.0,Hyundai,Automatic,electric,36478.15
243.0,2014.0,19439.0,4.6,2.0,4.0,2.0,Tesla,Manual,electric,58252.05
248.0,2021.0,102531.0,1.0,3.0,4.0,3.0,Tesla,Automatic,electric,41355.95
88.0,2011.0,180505.0,3.0,2.0,4.0,2.0,Ford,Automatic,diesel,32714.75
99.0,2014.0,162088.0,3.0,2.0,3.0,2.0,Tesla,Manual,electric,33014.6
365.0,2012.0,191256.0,3.0,2.0,2.0,2.0,BMW,Automatic,diesel,50202.2
345.0,2023.0,40790.0,3.3,3.0,3.0,3.0,Toyota,Automatic,petrol,60679.5
396.0,2015.0,140311.0,1.2,4.0,2.0,4.0,Hyundai,Automatic,diesel,44325.45
